soubor:  uf100-0430.cnf
clauses: [(25, 32, 92), (34, 13, 61), (64, -1, 63), (22, -53, 38), (92, -42, 57), (29, 2, -64), (68, 64, -97), (39, 75, -100), (-38, 25, -10), (-19, 26, 32), (-7, -61, 12), (-56, -49, 5), (-51, 17, -90), (8, 55, -17), (7, 47, 76), (-48, -29, 68), (1, 55, -98), (21, 58, 91), (3, 15, -62), (-71, -38, -46), (-24, -87, -21), (-84, 40, 67), (11, 4, 32), (24, -27, -1), (-14, -95, -29), (13, -95, -75), (-3, -62, 100), (10, -62, -50), (-80, 5, 87), (72, 62, 39), (-89, -33, -4), (23, 70, -43), (68, -48, 55), (-78, 69, -41), (8, 22, -50), (-56, -11, -3), (-40, 96, -39), (77, 85, 25), (68, 80, 83), (98, -52, -53), (17, 53, -86), (89, 52, -55), (5, 11, -57), (43, 10, -38), (57, -15, 33), (-85, -78, -83), (-29, 86, -46), (55, 18, 90), (69, 89, -41), (88, -70, 73), (50, 63, 12), (-28, 61, 95), (52, 98, -26), (73, -78, -60), (72, -71, 42), (-79, -41, 82), (-100, -1, 74), (3, -25, 15), (-99, -39, -100), (-30, -24, 55), (-91, 47, -87), (-86, 37, 61), (-77, -33, 58), (14, 59, 63), (-98, 46, 38), (-97, -7, -52), (43, 64, -25), (-36, -99, 88), (-18, 4, 7), (95, -14, -69), (-39, 62, -92), (79, -87, -34), (58, 25, 56), (-93, 36, -49), (-21, 11, 79), (-74, -82, -7), (-36, -50, 38), (-26, -10, -52), (-26, 47, 5), (39, -67, -30), (-62, -30, 55), (-19, -31, 76), (83, 26, -37), (3, 32, -37), (-27, -43, 49), (-29, -22, 33), (-9, -58, 84), (-47, 82, -81), (19, -74, 90), (66, 4, 73), (48, -40, -84), (46, -25, -77), (57, -64, -35), (21, -70, 45), (-27, -59, 5), (-100, -33, 52), (-76, 16, 43), (-40, 82, 88), (-46, 39, -8), (-91, -76, 59), (-7, -74, 75), (77, -33, -60), (44, -25, -66), (-69, 44, -24), (76, 25, 48), (-77, -26, -95), (-96, -60, -84), (40, -22, -94), (91, -22, -36), (86, 73, 94), (-56, 83, 39), (-2, -30, -82), (55, 26, 82), (-39, 22, -56), (43, -21, 25), (-49, -9, 15), (-10, 61, -79), (50, 1, 89), (66, -88, -42), (-73, 4, 96), (30, -89, 59), (-93, -85, 79), (35, -26, -27), (-44, 23, 62), (-61, 16, -27), (-6, -43, 55), (-83, 79, -16), (87, 85, -16), (88, 52, 95), (-72, -97, -53), (64, 59, -8), (-48, -6, 73), (-54, 7, 69), (54, 66, -35), (-73, -99, -25), (-33, 10, -98), (-99, 38, -65), (-16, 57, 93), (-25, -76, -73), (-32, 51, 73), (46, 54, -33), (-35, -3, 2), (-86, -79, -63), (-86, 88, 62), (33, 78, 90), (-29, 79, -63), (26, -57, 69), (-34, 41, -12), (82, -4, 62), (-82, -94, 86), (81, -28, 97), (-10, 15, 75), (11, -75, -70), (-97, -52, -93), (-65, 76, 48), (-69, -27, -74), (-84, -79, 77), (-87, -69, -94), (46, 87, 16), (92, -9, 85), (-86, -28, 58), (-23, 78, -6), (18, -22, 31), (-76, -25, -8), (-100, -54, 61), (-16, 79, 48), (99, -60, -19), (-68, -77, -76), (20, -63, 79), (79, 53, -94), (59, 53, 65), (-48, 24, 63), (-20, -96, -98), (50, 13, 49), (-68, -18, -55), (48, 16, -44), (-15, 70, 92), (-98, 55, 15), (82, 99, -21), (-31, -95, 78), (77, 4, -50), (-89, 30, -41), (100, -5, -31), (22, 82, 79), (-2, 41, -99), (-13, 2, -58), (-33, -11, 3), (-49, 90, 14), (59, -26, 95), (42, 69, -46), (-96, 60, -74), (26, 54, -6), (-38, -75, -86), (-66, 13, -16), (65, 92, -52), (-83, -27, -58), (-52, 6, -32), (53, 72, -34), (28, 88, 99), (-26, 13, -39), (76, -6, -98), (12, -13, 83), (2, -22, 88), (21, 87, 98), (68, 55, -59), (-78, 7, 88), (53, -51, 62), (52, 95, 53), (49, -50, 99), (-92, 37, 83), (-32, -20, -19), (-48, 10, -30), (-35, 97, 12), (22, 75, -69), (80, 32, 11), (43, 65, 61), (-86, 34, 58), (-3, -33, -29), (-98, -33, 74), (26, -57, -54), (78, -22, -64), (68, 44, -22), (-42, -14, 90), (-23, -87, -82), (-18, 78, -14), (71, 91, -14), (23, 97, 16), (-2, 63, 42), (40, -55, -17), (-78, 69, -46), (-84, 11, -49), (-70, 69, -75), (-12, 14, -59), (-83, -44, -46), (67, 42, 65), (71, 17, -16), (-98, -84, 29), (68, 80, -55), (-17, 16, -2), (59, -82, 8), (28, -64, -57), (4, -80, 54), (74, 19, 2), (-86, 62, -49), (-54, 83, 45), (-1, -34, -2), (-29, 81, 63), (4, 87, -34), (-39, -100, -40), (-51, 41, -46), (33, -1, -87), (-17, -87, -44), (94, -72, -43), (6, 15, 56), (-8, 52, -84), (-6, 79, 86), (55, -30, -98), (3, 69, -96), (-36, -60, -8), (88, -14, 35), (47, -39, 5), (-92, -80, -77), (44, 92, -43), (-91, 57, 48), (-49, -23, 84), (10, -20, -7), (40, 51, 30), (72, -30, 46), (-1, 7, -82), (48, 66, -12), (33, -39, -14), (92, -25, -34), (25, -2, 71), (36, 59, -85), (82, -67, -87), (-45, 33, -94), (-75, -43, -11), (-21, -20, 85), (-95, 90, -96), (55, 6, -63), (22, 63, 90), (93, 20, 50), (-86, 37, 65), (7, 22, 9), (-98, -57, -39), (17, 20, -19), (-14, 27, -84), (-9, -16, -37), (-92, -93, -86), (-33, -93, 44), (28, -70, -60), (-11, -90, 20), (95, 62, -65), (-94, 26, 44), (66, 58, -31), (50, 57, 52), (3, 14, -17), (72, 4, -31), (88, 28, 91), (-69, 73, -99), (31, -57, -33), (-43, -74, 76), (-38, 85, 77), (-61, -46, 32), (-60, 25, 19), (-39, -38, 76), (31, -20, -9), (52, -22, -76), (69, 57, -40), (-47, -7, 17), (-85, -3, 60), (96, 4, 57), (-95, -62, -63), (64, -58, -14), (95, -5, 68), (-34, 54, 35), (-30, 10, 12), (-26, -10, -83), (-46, 43, -29), (-21, -40, -91), (-20, -84, 14), (-62, -6, -38), (-94, 17, 61), (-47, 51, 83), (-61, 30, 68), (11, -38, -2), (-52, 53, -84), (40, -19, -91), (41, -47, -24), (77, 86, 20), (-38, 41, 40), (13, 84, -1), (42, 28, -66), (83, -63, -7), (-58, -55, -49), (-15, -20, 93), (-72, -94, 8), (47, -37, -45), (-73, -61, 30), (-42, 25, 62), (43, -17, 62), (-59, 42, 36), (84, -60, 68), (95, 44, -7), (-32, -65, -98), (-36, 97, -16), (-39, -91, 28), (-6, -40, -1), (19, -63, 16), (-98, 18, -2), (95, 45, -53), (96, -81, 75), (-65, 61, 71), (-37, -52, -1), (-90, -75, 4), (-47, -65, -58), (-84, -72, 80), (-89, 59, 96), (-98, 61, -82), (-84, -3, 32), (-100, 41, 67), (57, -25, 13), (-71, 72, -66), (-95, 28, -51), (-34, -9, -66), (68, -95, 100), (-76, 9, 64), (-96, -15, 17), (51, -76, -75), (65, -85, 9), (-89, -18, -99), (-28, 27, 60), (-36, -10, -19), (-99, 22, 74), (-74, 87, -10), (-85, -6, 77), (-34, 21, -55), (96, -47, 79), (-13, -98, -70), (11, 44, -80), (-80, -10, -3), (85, 25, 17), (-8, 13, -74), (34, 39, 69), (-97, -35, 84), (-73, -35, 18), (-70, 76, -35), (-13, 22, -65), (58, 42, -30), (67, 42, 89), (-59, -90, -78), (86, 34, -45), (73, 33, -82), (-29, 76, -30), (12, 69, 16), (44, -77, -23), (90, -38, 20), (-94, -32, -72), (-63, -97, -66), (-67, -36, 83), (11, -30, 39), (-21, -20, -45), (48, -10, 55), (-85, 75, -11), (45, -96, -14), (-43, 73, -97), (5, -24, -99), (-33, 26, -86), (32, 33, -38), (20, -55, 63), (-100, 24, 98), (-75, -9, 25), (49, -90, -29), (98, 9, 36), (70, -73, -65), (-1, -78, -87), (71, 91, 13), (92, 38, 44), (-24, 28, -60), (43, -18, 26), (45, 49, -2), (-12, -20, 2), (-47, 6, -60), (-97, 44, -6), (18, 59, 69), (-58, -47, 89), (-49, -100, 38), (68, -1, 11), (6, 69, -74), (62, -42, -49)]
out:     (True, 1, [-1, 1, 1, 1, 1, 1, -1, 1, 1, 1, 1, 1, 1, -1, -1, -1, 1, -1, -1, -1, -1, 1, 1, -1, 1, 1, -1, 1, -1, -1, -1, -1, 1, 1, 1, 1, 1, 1, -1, 1, -1, 1, 1, -1, 1, -1, 1, -1, -1, 1, -1, -1, -1, 1, -1, 1, -1, -1, -1, -1, -1, 1, 1, -1, -1, 1, 1, -1, -1, -1, -1, -1, 1, 1, 1, 1, 1, -1, 1, 1, -1, 1, 1, 1, 1, -1, -1, -1, -1, -1, 1, 1, 1, -1, -1, 1, -1, 1, 1, -1], 0.0)
time:    0.004837989807128906
 
soubor:  uf250-0100.cnf
clauses: [(-187, 71, 15), (103, -150, 179), (-23, 199, 67), (69, -211, 27), (-177, -114, -39), (-235, 157, 24), (-36, -227, -7), (236, -6, 152), (-168, 241, -231), (36, 33, 58), (28, -240, 183), (-159, -25, 35), (118, 224, -22), (40, -193, 184), (214, -173, 72), (-47, 25, 67), (37, -234, 81), (88, 16, 43), (-52, 76, -12), (25, 59, 70), (-173, 126, -91), (-46, -143, 150), (-196, -51, 63), (57, -211, 174), (216, 222, -78), (-102, -241, -33), (108, -26, -30), (54, 97, -44), (-215, -142, 163), (-157, -175, -81), (-141, 61, 139), (60, 110, 145), (-83, 171, -143), (-78, -2, 120), (-99, 47, -3), (-78, 171, 22), (-85, -153, -134), (-25, -74, -170), (146, 26, 209), (94, 115, -145), (57, 122, -95), (-103, -173, 90), (-236, 177, 155), (112, 240, -129), (168, -99, 9), (237, 1, 175), (19, -181, 185), (189, 152, 13), (196, -169, 97), (-220, -156, -200), (-32, 205, -144), (-218, -54, 154), (239, -100, 221), (-108, -138, -195), (55, -183, 89), (148, -192, 11), (-14, 116, 100), (-236, 7, 109), (-234, 114, -189), (-111, -122, -83), (7, 24, 185), (-64, -78, -198), (172, -230, -221), (82, 170, -92), (171, -209, -31), (-247, -165, -181), (-15, -246, 73), (-177, 80, -47), (-126, -191, -152), (-126, -131, 208), (-63, 132, -31), (237, 77, 208), (-126, 215, 195), (155, -238, -245), (56, -79, -87), (-129, 47, -102), (122, 26, 242), (-194, -211, 245), (-192, 39, 94), (-142, -151, 126), (199, -44, -157), (-215, -74, 222), (-235, -97, -18), (-85, 177, 189), (225, -6, 185), (211, -182, 142), (62, -197, 169), (90, 137, -169), (-8, -201, -80), (-231, -104, -198), (-14, 164, 113), (-250, 92, -42), (-240, 215, -80), (-61, 79, 147), (83, -6, 129), (211, 184, 246), (-169, 89, -118), (-153, -247, 207), (179, 215, -107), (-100, -187, 138), (59, -177, 241), (-80, -169, -198), (31, 172, -146), (191, -40, -31), (115, 80, 51), (-151, -222, -99), (-35, 140, 97), (171, 47, 194), (241, 1, -58), (-184, -130, 30), (-92, 121, 46), (-118, 110, -156), (-237, 12, 220), (199, 69, 30), (-207, 23, -175), (61, 98, 16), (123, 155, 201), (-202, 106, -54), (-200, 234, 229), (-196, 63, 198), (242, -167, -108), (-220, -108, -149), (200, 83, 244), (70, 102, 75), (72, -36, -176), (-111, 209, 161), (167, 26, -222), (-6, 223, -31), (-123, -162, 1), (-61, 32, 128), (-232, -162, 53), (-6, 47, -133), (-175, 118, -129), (105, -239, 133), (196, -247, -125), (-167, 215, -87), (-77, 112, 14), (-116, -13, 242), (215, -73, 96), (191, -123, 28), (241, 113, 226), (44, 159, 194), (-182, -233, 44), (-31, 192, 85), (-157, 230, 135), (-195, 35, 193), (-2, -155, 183), (227, 142, 34), (33, -96, -201), (129, 128, 219), (93, -7, -49), (-60, 180, 64), (43, 102, -167), (85, 155, 76), (-26, -150, -175), (8, 5, -243), (216, 99, -100), (-54, -133, -75), (201, 44, 101), (-73, 105, -21), (-233, -106, -187), (-146, -127, -75), (219, -210, 48), (240, -129, -50), (-212, -227, 232), (164, -207, 187), (-76, 79, -225), (65, 43, 90), (-118, -76, 147), (45, 126, 28), (107, 22, -209), (141, 197, 220), (247, 161, -86), (105, 141, -247), (52, -102, -38), (81, 235, 166), (-180, 169, 234), (193, 31, 241), (-200, -222, -153), (-107, 24, -62), (-39, -183, -175), (-241, 151, -122), (53, 242, 188), (-56, -219, -26), (-169, 21, -231), (-203, 56, 96), (146, -177, 170), (-172, -218, 13), (-20, 205, 93), (-147, 139, -110), (-48, -5, 38), (191, -56, -241), (-186, 96, -185), (15, 80, -125), (196, 205, -132), (39, 129, 189), (-141, 212, 154), (98, -6, -174), (202, 218, 64), (-70, 21, -76), (135, -115, 37), (172, -81, 19), (153, 59, 96), (61, 42, 17), (245, -189, -111), (229, 25, -51), (72, 19, 71), (180, 247, -91), (74, 134, 222), (182, 2, -28), (229, 51, 192), (20, -138, -58), (-123, -158, -148), (143, 7, 104), (-205, 29, -113), (150, 49, 237), (-130, -98, -190), (-87, 62, 75), (205, 168, 14), (169, -236, -140), (-217, -118, 9), (-5, 88, 184), (111, -184, -185), (49, -125, 206), (25, 143, -206), (-22, -228, 174), (-229, 23, 194), (-33, 157, -250), (159, -49, -82), (-180, -131, 136), (-7, -219, -225), (-210, -178, -132), (131, -243, 200), (153, 85, -21), (218, 248, 142), (-243, -235, -15), (-155, -76, 166), (141, -121, 177), (-123, -62, -190), (-43, -112, -201), (45, 123, -190), (-1, -4, -209), (-212, -42, -69), (-244, -4, -39), (137, 189, -45), (-42, -167, -48), (114, -226, 151), (20, -104, -93), (65, -236, 228), (37, -55, -63), (6, -183, 103), (200, 26, -54), (-152, -118, 50), (-218, 21, -27), (-70, -161, -250), (-68, 247, -74), (248, 250, 13), (247, -1, -228), (87, -212, 203), (59, 227, -237), (200, 176, 225), (10, -93, 24), (132, -141, 125), (-43, -23, -81), (72, 195, 214), (37, -202, 248), (35, 235, 186), (183, -138, -220), (176, 40, 178), (-245, -108, 8), (31, -203, -212), (122, 248, -171), (137, 239, 65), (-12, -222, -102), (3, -223, -244), (-20, -212, 112), (167, -112, -72), (14, -56, -117), (-140, 173, 135), (128, 114, 86), (-31, 143, -228), (217, -40, -80), (167, -140, -54), (197, 107, -138), (193, 225, -112), (45, 126, -128), (241, 235, -40), (69, -189, 56), (-87, -169, -129), (223, -192, 201), (-70, 15, -172), (-197, 28, -174), (-152, 166, 135), (230, 125, 25), (85, -71, -216), (80, -225, -200), (191, 118, 15), (-59, -6, 28), (49, 193, 190), (98, -136, 109), (-249, 1, -239), (-185, 192, -28), (62, 113, 137), (155, -105, 42), (-132, 26, -229), (-4, 87, -149), (-153, -220, -92), (-61, 230, 9), (46, 223, 169), (-180, -198, -123), (-56, -191, 48), (-105, 85, -52), (92, 76, 200), (165, -69, 241), (181, -84, -5), (15, 47, 132), (-145, 105, -148), (167, -143, 238), (-135, -158, -79), (-183, -172, 67), (128, 240, 105), (-72, -197, 210), (133, -60, -153), (-130, -61, 53), (191, 119, -216), (-66, -182, -180), (-25, -12, 178), (-245, -114, 131), (43, 114, 118), (140, 13, -172), (-46, 86, 158), (-205, 29, 109), (203, -8, -204), (139, 197, 51), (-59, 182, -134), (207, 82, -239), (211, -12, 23), (160, -96, -43), (52, 67, -144), (224, 132, -119), (-11, -68, 238), (244, -142, -55), (51, -122, -44), (-41, -37, 38), (-121, -111, 242), (-145, -229, 172), (-175, -222, -244), (-178, -39, 77), (-193, 173, -98), (91, -228, 96), (186, -112, 43), (-209, -168, -243), (-158, 74, -19), (-45, -237, -73), (-127, -57, 158), (35, -75, -236), (98, 139, 146), (71, -248, -116), (240, -26, 147), (-243, 43, 171), (25, -50, 134), (-239, 225, 203), (176, -136, 41), (202, 215, -48), (-212, -21, 7), (191, -196, -71), (138, 194, -172), (-133, 3, 123), (-195, 245, 62), (-206, -54, 110), (234, -126, -225), (-1, -87, -125), (159, -58, -205), (-129, -176, 243), (-30, 124, 138), (-169, 69, -199), (-75, 124, -234), (150, -206, -218), (102, 115, 124), (178, -85, 165), (139, 143, -70), (-235, 111, 66), (128, 209, 67), (-43, 164, -168), (208, 185, 58), (-123, -139, -175), (-134, -211, -73), (-61, -57, -90), (181, 195, 66), (-72, -70, 8), (161, 64, 147), (47, 138, 83), (1, 147, -69), (243, 205, 166), (-132, 124, 97), (147, -163, 101), (-166, -45, 243), (10, 164, -225), (-50, 246, 203), (243, 186, -128), (-126, 221, 43), (81, -179, -85), (-151, 186, -162), (124, 64, -161), (-80, 21, -151), (-88, -235, -195), (171, 41, 137), (-3, -15, 249), (-79, 13, 77), (204, -168, -126), (79, 213, -219), (232, 14, 220), (-181, -21, -98), (193, 14, 250), (-123, 207, -5), (-233, -139, -94), (130, 144, -199), (182, 193, -238), (15, 64, -186), (102, -205, -145), (237, -186, 94), (-16, 15, -149), (-182, 45, -103), (92, 88, 39), (216, 204, 76), (-65, -47, 214), (163, 142, -114), (222, -37, 22), (50, 47, 183), (208, -39, 238), (61, 212, -94), (-123, 32, -112), (-214, -65, -4), (79, 189, 5), (46, 234, 117), (-81, 77, 227), (145, -224, -127), (-223, -174, -35), (-185, -237, -112), (-18, 44, -121), (148, 158, 213), (219, -228, -37), (66, -207, 171), (-24, 117, 66), (-23, -73, -107), (-29, -105, -92), (55, 198, -152), (88, -109, 92), (-87, 232, -141), (215, 138, -20), (6, 59, 81), (-21, -104, 7), (-58, 33, 158), (174, 128, -97), (11, 245, -101), (7, -71, -190), (-146, 188, 93), (202, 168, 70), (224, 240, 238), (-33, 66, 12), (-14, -103, 149), (192, -86, 3), (-71, 189, 30), (-1, 22, -87), (6, 125, 206), (-95, -22, 154), (59, -166, -179), (-174, -21, -104), (-50, -162, 173), (-27, -157, -138), (-33, 19, -167), (-30, -71, 57), (-123, 56, -27), (128, -59, 100), (-64, -222, 157), (97, -236, 101), (-154, -202, 183), (-216, 32, -120), (180, -136, -188), (-30, -249, 104), (18, 47, -43), (-230, -213, 166), (226, -138, 107), (-224, 60, -1), (-43, 119, -185), (-203, -73, -181), (209, 171, 203), (199, -58, -12), (-170, 126, 201), (106, -79, -159), (176, -177, -37), (97, 129, -147), (-173, 202, -37), (76, 177, 64), (-67, -202, -177), (-188, 168, -77), (201, -121, -126), (77, 92, 81), (51, -102, 14), (-213, -194, 61), (40, 106, -221), (-114, -30, 115), (-119, 204, -125), (37, -118, -1), (-160, 195, -73), (-24, -124, -96), (240, 104, 205), (138, -213, 37), (-163, -199, -220), (42, -159, -146), (-104, -154, 102), (125, -138, 196), (-162, -129, -2), (51, -54, 112), (222, 8, -20), (-96, -226, -52), (-40, -50, 87), (25, -41, 207), (189, 39, 152), (-161, -31, -126), (-79, -244, -223), (-80, -230, 196), (-244, 239, 115), (-49, 203, -142), (-68, 164, -232), (-190, 172, 123), (60, 131, 44), (-80, -40, 246), (-47, -40, -213), (140, -57, -129), (1, 190, -143), (-187, -162, 74), (-238, -247, -160), (-244, -237, -190), (171, -65, -236), (-20, 187, 175), (-105, -247, 189), (-48, -215, 101), (107, -191, -28), (-225, 66, -18), (195, 133, -140), (146, 150, -197), (189, 125, 138), (80, -188, -25), (61, -208, 236), (-33, -112, 233), (122, -126, 177), (-242, -149, -129), (-214, 18, -148), (-159, 186, 89), (-245, -47, 117), (-5, -91, -223), (184, 151, 80), (-22, -244, -34), (-50, 141, 95), (144, 30, 155), (106, -12, 214), (10, -126, 24), (-107, -210, 47), (-49, 179, -169), (-2, -211, -235), (-30, -76, -3), (-116, 164, 70), (-192, -110, 217), (-16, -49, 23), (140, 193, 50), (116, 129, -95), (-62, -237, -162), (139, 68, 24), (-199, 71, 72), (62, 146, 206), (-130, 135, 183), (-223, -65, -41), (50, -84, 234), (-97, 137, 109), (-182, 170, 11), (192, -160, -165), (-178, -108, -232), (135, 42, -11), (156, -213, -86), (-130, -63, -114), (169, 142, -54), (-250, -194, 46), (-159, -47, -80), (-118, 71, 157), (148, 215, 100), (-156, 23, -190), (148, 106, -193), (-245, 106, 60), (-31, -90, -160), (-132, -140, 47), (49, 16, -35), (157, 227, -138), (-80, -59, 54), (143, -3, 164), (249, 119, -227), (-141, 61, 236), (165, 226, -84), (1, 154, -206), (127, -185, -181), (128, 236, 36), (74, 171, -109), (-166, 11, -154), (146, 64, -133), (-29, 244, 109), (-127, 161, 81), (211, -89, -31), (-248, 63, -137), (130, 208, -13), (187, 88, -122), (-141, 174, 66), (82, 46, 169), (239, 112, -129), (74, -143, -148), (214, -91, 45), (241, -26, 15), (136, -78, 146), (-120, 179, -122), (188, -126, -27), (42, 175, -21), (-178, 1, -182), (-43, -193, -6), (198, 115, -124), (-204, -51, 52), (-162, 178, -187), (88, -192, 198), (197, -176, -203), (-61, -57, -23), (84, 220, 250), (-225, 33, -199), (244, 238, 93), (-210, -48, -44), (61, 222, -42), (31, -185, 181), (-44, -224, 69), (-138, -124, -103), (78, 97, -22), (-106, -69, 154), (109, -183, -191), (-75, -7, 162), (9, 136, 165), (86, 194, -148), (-40, 169, -225), (-199, -174, 59), (-78, -38, 30), (-30, 190, 164), (-246, -137, 223), (49, -33, 206), (-150, 174, -195), (232, -139, -195), (-39, 158, 66), (-232, -98, -4), (-241, 40, 29), (-217, -213, -178), (69, -153, 129), (-140, -203, 163), (73, 136, 113), (73, 81, -142), (106, -244, 167), (-22, -223, -241), (156, 125, 107), (-83, -153, -147), (-48, -51, 68), (143, 7, -88), (-148, -61, -215), (-43, -116, -75), (160, -17, 58), (43, -9, -86), (204, -90, 243), (-33, -47, 93), (198, -228, 170), (-178, 37, 120), (20, -136, 90), (92, -199, 127), (-117, 24, 72), (-13, -218, 233), (-35, -167, -146), (235, 171, 123), (-112, -117, 67), (13, 67, 81), (90, -38, 69), (182, -3, -226), (-65, -142, 47), (56, 77, -189), (180, -78, -207), (-111, 1, -20), (-237, 5, -242), (-89, 146, 39), (-208, 138, -82), (-37, -190, -223), (-225, -59, -135), (-233, -224, 212), (-121, -25, 188), (-165, 117, -159), (142, 50, 108), (-248, 17, 115), (90, -243, 76), (95, -87, -36), (-53, -161, 62), (-131, -48, -124), (-45, 160, -182), (11, -132, -184), (-97, 28, -237), (-77, 113, 143), (213, -205, 97), (-2, -237, -168), (126, -156, 91), (-209, -89, 53), (177, -47, 226), (-119, -146, -4), (-223, -234, 183), (-99, 42, -234), (215, 60, 64), (129, 181, 80), (-154, 119, -159), (104, -57, 124), (115, -45, -83), (-73, -199, -243), (-170, -95, -178), (-12, 102, -47), (-62, -112, -187), (226, 12, -178), (-242, 183, 112), (-232, -238, 172), (-88, -249, -221), (-16, -230, -90), (86, -142, 249), (176, -192, 41), (115, 159, 98), (156, 82, 126), (55, -231, -194), (93, -37, 180), (32, 178, -79), (-184, 13, 36), (125, 236, -201), (105, 80, 181), (-229, 179, 113), (197, -65, -27), (-214, 68, -145), (118, -162, -210), (-19, 17, -65), (-25, -43, 80), (237, -148, 179), (145, -136, -130), (-14, 2, -78), (208, 88, 6), (174, -61, 113), (117, -184, -211), (-107, -92, -18), (-152, 144, -154), (-218, 74, 60), (-43, 20, 156), (-219, -139, -38), (61, 41, -76), (-231, -179, -99), (-107, 125, -39), (-11, 142, -154), (20, -15, -65), (41, 5, 40), (-73, -64, -245), (-137, -55, 27), (-59, -232, 16), (-139, -168, 77), (-202, -15, 25), (57, -205, 172), (-202, -12, -174), (103, -245, 126), (181, 96, -191), (28, -249, 180), (159, 46, -15), (200, 48, 152), (-18, -129, 83), (166, -178, -135), (-21, 213, -182), (11, 173, 216), (165, 203, -110), (-154, -94, 15), (-26, 152, 190), (93, -29, 87), (-195, 238, 23), (223, -178, 228), (-218, -149, -147), (-245, 161, 35), (-58, -164, 71), (245, 132, 37), (43, 15, -227), (-73, 65, 120), (-102, -41, -164), (-178, -33, 148), (47, -171, 217), (133, -230, 24), (-80, 73, -184), (203, 143, -21), (-101, -207, -27), (83, 2, 125), (58, 217, 42), (-201, 156, -114), (-115, -57, 48), (-130, 23, -33), (-110, -103, 238), (46, 210, 40), (-129, -241, -21), (-148, 240, 183), (22, -5, -128), (41, 20, -1), (-101, -49, -112), (6, 15, 144), (152, 156, -8), (189, -123, 137), (-215, -217, 68), (-118, -97, 120), (132, 243, 21), (44, 171, 184), (184, 193, 157), (-118, -224, 50), (-7, 58, -142), (-132, -169, -121), (180, 237, 60), (147, 222, 6), (-137, 161, -239), (232, -102, 235), (1, 109, -191), (11, 191, -121), (-133, 200, -131), (-153, 139, -84), (69, -56, 31), (75, 180, -117), (149, -61, 69), (179, -13, 72), (233, -54, 214), (245, 14, 94), (-33, -142, 202), (28, 56, -64), (218, 5, 207), (113, 47, 161), (-115, -107, -120), (-231, 164, -78), (-185, -92, 39), (-191, -155, -118), (-4, -57, 228), (-21, -247, 196), (-76, 185, 240), (-136, 52, 145), (-38, -240, -237), (87, 141, 236), (153, -75, 115), (-174, -40, 4), (217, 77, -173), (-193, -39, 211), (108, 30, 237), (212, 246, 116), (-145, -17, 119), (-20, 147, -137), (163, -200, 176), (-220, 236, -148), (247, 40, 236), (192, -11, 96), (121, 180, -172), (144, -34, 129), (188, 126, 242), (76, -78, -110), (-141, -131, -236), (-12, 61, -75), (-113, 212, -230), (-247, 218, 11), (-57, -129, 169), (-142, 80, -239), (23, 78, 241), (43, 123, 19), (-157, 109, 17), (-9, 153, -198), (35, 210, 218), (-202, -109, 111), (250, 249, 243), (68, 177, 214), (155, 103, 212), (240, 64, -207), (-39, -185, -100), (-230, -139, 213), (-66, -85, 32), (-55, 31, 52), (146, -124, -71), (-92, -249, -81), (162, -209, 110), (-193, -22, 103), (65, -226, 62), (199, -27, -246), (-166, -221, -205), (217, -74, 142), (-94, 142, 120), (226, 181, -17), (-160, 246, 176), (111, -180, -25), (-249, -142, -12), (239, 61, -102), (-149, 232, -147), (-64, 178, -190), (44, 194, 134), (5, -8, -201), (226, -136, -229), (-44, 142, -216), (135, 121, -163), (-28, -153, -188), (-219, -225, 204), (87, 217, -238), (50, 87, -123), (-250, -161, -50), (157, -11, 61), (-41, 140, -6), (97, -146, 214), (-65, 11, 93), (-117, -27, 30), (-75, -95, -25), (-166, -230, -86), (-169, -71, 40), (-138, -220, 12), (-100, -23, 64), (-144, -13, 97), (-114, -63, -16), (-93, 153, -62), (-132, -172, 186), (-181, -2, 115), (247, -25, -65), (-130, 55, 25), (-136, -96, -161), (164, 109, 115), (192, -183, -18), (-109, 174, 173), (-136, 147, -170), (168, 178, -19), (-21, -38, 105), (-152, -78, -39), (-68, -243, -140), (105, -51, 54), (-197, -128, -24), (211, 226, 186), (-171, -13, 150), (176, -250, -26), (221, 95, -243), (-120, 66, 81), (-41, 241, 11), (-48, -227, 134), (231, -112, 65), (-199, -147, 150), (-144, -40, 83), (9, -223, -104), (141, -246, 136), (-90, -175, 183), (210, 129, -5), (-127, -213, -215), (-73, -195, 119), (-85, -104, 62), (-41, 218, 180), (81, -82, 239), (-10, 66, -20), (-120, 97, 150), (55, 107, 216), (122, 117, -61), (-161, 170, -13), (-207, -14, 19), (181, 108, -140), (-193, 150, 19), (1, -138, 211), (243, -100, -220), (-208, -205, -238), (-19, -112, -82), (69, 134, 77), (-181, 42, -231), (-191, 95, 19), (134, 58, -222), (-95, -52, -13), (-103, 28, -88), (22, -46, 171), (-172, 128, -117), (-207, 172, 24), (81, 137, 108), (-47, 166, -94), (-14, 116, -4), (206, -40, 69), (39, 187, 27), (-119, 195, 205), (-42, -85, 183), (94, -233, 144), (37, -121, 51), (-211, 232, 217), (57, -161, 26), (-29, 178, 149), (-239, 157, 100), (-143, -40, 137), (-223, 106, 61), (21, -150, -14), (110, -190, -79), (-125, 139, 48), (-240, 163, -90), (205, 79, -90), (-118, 39, -83), (32, -194, 183), (1, 77, -222), (-98, -41, 155), (172, -121, 90), (196, -4, -146), (-22, 168, -174), (36, 28, 202), (-249, 174, -44), (164, 34, -81), (111, 241, 220), (-236, -40, 22), (-35, 29, -77), (240, -35, -77), (243, 103, 222), (39, -216, 7), (-114, 208, 64), (184, -152, 85), (-163, -128, 155), (-177, -153, 196), (-165, 15, -16), (196, 136, 195), (-66, -204, 213), (-21, 126, -228), (-19, -42, 41), (15, 104, 31), (-18, -220, -189), (-24, -46, -163), (87, -218, 2), (-203, -162, 159), (10, -141, -201), (94, -189, -196), (-241, -175, -221), (29, 248, 134), (148, 15, 189), (153, 19, 204), (80, -153, -63), (-199, 175, 138), (-86, -107, 46), (-245, 35, -122), (-247, 243, -150), (-75, -177, 111), (-101, 150, 219), (37, 154, 153), (189, 117, -74), (191, -46, 157), (-48, -72, -180), (-202, 60, 30), (217, -84, 2), (-159, -104, 241), (147, -104, 86), (-58, -241, 153), (-118, 101, -172), (-246, 238, -53), (122, -16, -71), (-152, -144, 88), (-69, -5, -21), (84, 110, 20), (224, -2, -29), (244, -121, -151), (-49, 134, -42), (-166, -189, -244), (-106, -244, 95), (-167, -221, 103), (-81, 241, -222), (-129, -104, -87), (-160, 155, 146), (-139, 197, 50), (-84, -240, 18), (37, -16, 5)]
out:     (True, 1, [1, -1, 1, 1, -1, 1, 1, -1, -1, 1, -1, 1, 1, -1, -1, -1, -1, 1, -1, -1, -1, 1, 1, -1, -1, -1, -1, -1, -1, -1, 1, -1, 1, -1, 1, -1, 1, -1, 1, -1, 1, 1, 1, -1, 1, -1, -1, 1, -1, -1, -1, -1, -1, 1, -1, -1, 1, -1, 1, -1, 1, -1, 1, -1, -1, 1, -1, 1, -1, 1, 1, 1, 1, -1, -1, -1, 1, -1, 1, 1, 1, 1, 1, 1, 1, 1, 1, 1, -1, 1, 1, -1, 1, -1, 1, 1, 1, -1, -1, 1, 1, 1, -1, 1, 1, -1, -1, 1, 1, -1, 1, -1, -1, 1, -1, -1, 1, 1, 1, 1, 1, -1, -1, -1, 1, -1, -1, -1, 1, 1, -1, -1, -1, -1, 1, 1, 1, -1, -1, 1, -1, 1, 1, 1, 1, -1, -1, 1, 1, -1, 1, 1, 1, -1, 1, 1, 1, -1, -1, -1, -1, 1, 1, -1, -1, -1, 1, 1, 1, 1, -1, -1, -1, 1, -1, -1, -1, -1, 1, 1, 1, 1, 1, 1, 1, 1, -1, -1, 1, -1, -1, 1, 1, 1, 1, 1, -1, 1, 1, 1, 1, -1, 1, -1, -1, -1, -1, 1, 1, 1, -1, -1, -1, 1, -1, 1, -1, -1, 1, 1, 1, -1, -1, 1, 1, -1, -1, -1, 1, 1, 1, -1, -1, 1, 1, -1, 1, 1, 1, -1, -1, -1, -1, 1, -1, 1, 1, -1, 1, -1], 0.0)
time:    0.0038299560546875
 
soubor:  uf250-050.cnf
clauses: [(-3, -12, -78), (231, -96, 223), (-230, -73, 10), (7, 57, 56), (175, -181, 95), (188, -157, -82), (-190, -116, 75), (-227, 190, -98), (40, -88, 48), (-127, -120, -54), (42, -155, -115), (-102, 110, 114), (201, -249, 14), (39, 25, -182), (-209, -247, -12), (-9, 118, 83), (-233, -147, 195), (-109, -167, -32), (195, 177, -57), (240, 44, -180), (220, -20, 12), (135, 134, 195), (-98, 150, -30), (5, 1, -107), (-244, 21, -197), (67, 242, -227), (126, 179, 12), (-184, -106, 204), (144, 239, 10), (154, -44, 62), (58, 34, 75), (-163, 237, 47), (-228, -241, -160), (-190, 96, -132), (240, 250, -225), (-134, -157, 225), (77, 104, -73), (178, -5, 120), (230, 125, 168), (43, 64, 14), (-209, -249, -19), (19, -33, 63), (220, -83, 95), (162, 148, -154), (94, 53, -41), (-219, -29, 154), (197, 230, 142), (-100, -40, 129), (-223, 41, -195), (-104, 213, 7), (-50, 38, 105), (-62, -222, 46), (-250, 81, 155), (175, 247, -74), (75, 226, -156), (157, 169, 11), (77, -183, -7), (-237, 136, 69), (-176, 188, -89), (193, -132, 186), (72, -119, 223), (119, 207, -27), (-113, -65, 48), (23, -132, 249), (71, -73, -188), (61, 243, -20), (-128, 194, -106), (67, 181, -248), (-175, -135, -85), (-230, 66, -38), (68, -133, 201), (236, -44, 220), (24, -14, 219), (226, -52, -214), (26, 204, 25), (-22, 189, -229), (-249, 10, -187), (-5, -125, 148), (53, -121, 76), (-225, 206, 4), (96, 41, 63), (-218, -11, -98), (-39, -233, -73), (210, 8, 89), (86, -249, -226), (215, -93, 35), (-115, 133, 58), (-160, 76, -19), (200, 221, 231), (59, -92, -3), (28, -147, 92), (-109, 40, -140), (-202, -161, 2), (-193, -92, -233), (-178, -189, 80), (179, 250, 159), (-28, 170, 122), (94, 38, -34), (107, 200, -18), (-77, -52, 86), (169, -160, 57), (159, 208, 38), (-153, 218, -161), (-112, 169, -118), (27, -84, 43), (-170, -160, 183), (-95, -145, -70), (-6, 78, -161), (-85, 125, -141), (-193, -30, -232), (-9, 62, 132), (54, 133, -13), (-68, -21, 16), (201, -22, -154), (-239, -167, 186), (193, 160, -138), (-192, 155, 58), (-142, 96, 93), (186, 24, 52), (-245, 104, 191), (-7, 16, 1), (-69, -31, 6), (199, 126, -129), (72, 217, 226), (147, -50, 194), (-178, -236, 33), (30, 198, -153), (-68, 24, 12), (148, 137, 11), (-213, -155, 115), (-174, 169, -80), (-78, -127, -157), (-116, -230, 5), (-171, -74, -206), (247, 160, 118), (206, -239, 28), (-244, 22, -2), (-131, -116, 143), (-205, 164, 142), (-123, -91, 247), (-100, -156, -51), (3, 184, 17), (168, 215, -133), (128, -54, -39), (107, 85, -223), (-166, 175, 80), (-212, 54, 204), (-244, 225, 2), (2, -162, 154), (-173, -38, 201), (-69, 58, 200), (169, -235, 54), (-160, 206, 86), (-11, 83, -32), (-30, -46, -250), (-5, -10, -199), (205, -77, -207), (-120, 109, -125), (75, -30, -39), (68, -224, -207), (-209, -208, 158), (129, 116, 142), (-5, -243, -199), (85, -23, -248), (-36, 195, 165), (140, -221, -75), (112, 7, -102), (94, -97, -218), (11, -60, 188), (199, -219, 10), (231, -101, 243), (-42, 9, -127), (118, -106, 65), (-1, -158, 100), (4, -115, -2), (35, 209, -62), (147, -56, -217), (241, -67, -84), (-95, 153, 139), (-228, 95, -169), (190, -143, 105), (-210, 66, 176), (-155, -78, 190), (218, -228, 244), (160, -149, 180), (225, 67, 179), (199, -27, 163), (-247, 108, -78), (28, -63, 188), (107, -79, -8), (72, -131, 201), (99, 158, -45), (11, -28, -105), (-49, 242, -12), (96, -120, -8), (-238, -227, 45), (207, 76, -161), (250, -97, -219), (54, -235, -176), (245, -67, -59), (-166, 158, -190), (214, 53, 241), (67, -54, 174), (-219, 211, 95), (-82, 20, 132), (103, -188, 210), (-208, -112, -109), (-26, 53, 217), (-59, -56, 86), (219, -31, -131), (152, 23, -91), (168, -22, 101), (-190, -246, -140), (31, -5, -32), (226, -126, -11), (10, -128, 204), (-89, -157, 39), (-26, 124, -5), (-142, -60, 204), (-154, 151, -237), (95, 17, 90), (65, -206, -236), (113, 171, 42), (67, -227, 131), (133, -54, -206), (-81, 63, 230), (-250, 176, -51), (-154, 142, -116), (-17, 76, 178), (-203, 229, 131), (121, 179, 161), (-195, 99, -197), (191, -237, 117), (-7, 199, 201), (-12, -49, 25), (-240, -76, -51), (172, 120, 247), (-93, 56, -67), (85, 118, 198), (81, -63, 92), (228, 195, 124), (-178, -17, 168), (4, -227, -89), (69, 21, 67), (-61, -136, -181), (200, -220, -80), (121, 176, 191), (-72, -104, -52), (-110, 243, 8), (-45, -70, -199), (-110, -171, -160), (113, -115, -83), (-127, -225, -36), (-166, -245, -202), (-236, -214, 30), (124, -49, -172), (192, -100, -29), (-207, -29, 157), (-201, 122, -36), (-112, -30, 170), (143, 88, -156), (228, 63, -242), (188, 43, -172), (-136, -235, 250), (126, -248, 74), (153, 31, -126), (-201, 72, -60), (86, 16, -190), (-135, -246, 208), (179, 42, -90), (-40, 239, 10), (-162, -248, 175), (118, 25, -19), (-30, 167, 125), (-80, -229, -83), (-148, -21, -158), (-10, 97, -202), (-188, -185, -166), (-86, 21, -114), (2, 87, 144), (-3, 154, 145), (116, 71, -176), (209, -193, -177), (-72, -236, -188), (-100, 197, 32), (117, -34, 192), (91, -60, 73), (-9, -85, -21), (103, -31, 156), (235, 65, 48), (-53, -175, 111), (246, 26, -115), (-147, -50, 76), (-88, -87, 65), (-93, -112, -95), (218, -180, 77), (-133, -170, 37), (238, 135, 128), (-98, -139, 199), (193, 224, 187), (190, -81, -244), (27, 41, 88), (143, 25, 211), (132, 186, 151), (157, 40, 6), (-158, 16, 199), (-69, 59, -148), (-231, 15, 211), (203, -166, 234), (-136, -153, -121), (-9, 154, -213), (-65, 122, -53), (149, -8, -189), (-158, 152, -138), (222, 141, 37), (39, -40, -186), (247, 62, -112), (-223, 173, 147), (134, 189, 248), (-156, -51, -144), (-225, -182, -215), (150, -180, 25), (150, 201, 222), (-142, 246, 191), (142, 172, -71), (-211, -89, 145), (-138, -149, -8), (-210, 59, 186), (184, -246, 44), (-145, 26, 232), (179, -21, -185), (-151, -84, -81), (144, -205, -49), (-127, -69, 149), (-230, 88, 58), (-57, 231, 140), (174, 205, -169), (245, 6, 117), (196, -211, 71), (-127, 110, -102), (-53, 127, -135), (-28, 40, 142), (-110, 38, 10), (229, 27, -54), (-63, -247, 43), (-68, -234, 239), (141, -205, -145), (36, -10, 227), (-138, 214, -83), (-125, -76, -200), (30, 58, 115), (123, -151, -246), (-206, 219, -156), (239, 152, 105), (-25, -218, -194), (-105, -164, 241), (11, 54, 152), (152, -27, 52), (198, 197, 217), (170, 42, -26), (46, 121, 74), (-38, 102, -59), (23, 9, 156), (140, 13, 60), (-164, 235, -119), (-100, -143, 5), (-179, -217, 196), (116, 178, -62), (-134, -142, -140), (-20, 161, 189), (22, 200, 179), (121, 51, -75), (-119, -153, -159), (-56, 58, 52), (149, -21, 209), (123, -180, -7), (-159, -75, -181), (214, -9, 120), (32, -244, 101), (132, -86, 121), (-148, 45, -208), (-34, -4, -237), (182, 200, 136), (-95, -103, 66), (-46, -69, 90), (-195, -55, -57), (64, -243, -155), (178, -138, -91), (-136, -34, -14), (205, -23, -19), (57, 133, -231), (-15, -98, -183), (-61, -76, -28), (62, -24, -250), (26, -180, -250), (-220, -30, 70), (141, 157, 202), (-213, 137, 176), (-206, -99, 87), (-182, -200, -242), (-119, -214, -245), (-43, -55, 44), (94, 91, 6), (-83, -37, 140), (-232, 173, 13), (-187, -222, -220), (68, -203, 188), (-230, 40, -157), (-27, 142, 23), (-230, 42, 187), (-249, -201, -12), (101, 199, 124), (104, 38, -109), (247, -48, 59), (-33, -194, -161), (9, -184, 125), (192, 2, 205), (-135, -143, 51), (-161, -149, 120), (-88, -201, -27), (173, -178, 147), (54, -140, 49), (21, 90, -230), (144, -243, -31), (97, 49, 149), (-86, 219, -245), (29, 69, 81), (-165, -98, -125), (26, 62, -200), (-5, 172, 211), (-220, 131, -226), (-156, -142, -61), (-23, 133, -235), (104, 53, 215), (-216, 114, 211), (-183, -236, -136), (-149, 106, 139), (97, 114, 239), (-234, -115, -68), (-239, 134, 39), (205, -241, -41), (-88, 48, -96), (83, -103, 52), (-87, 167, 177), (80, 105, 228), (-174, 8, -27), (204, -185, -223), (236, 243, 81), (99, 151, 181), (120, 133, -151), (-134, -175, 212), (85, -92, -244), (36, -127, -146), (131, 13, -110), (108, 157, 47), (-212, 138, 223), (-232, -132, 203), (128, 224, -220), (234, 220, -146), (7, -139, 91), (101, 108, 232), (-183, -12, 160), (-228, -114, -73), (-82, -122, -133), (161, 222, -52), (95, -126, 55), (105, 132, 96), (-113, -245, 196), (-98, -23, -205), (-143, -160, -141), (-141, 6, -41), (29, -187, -120), (-207, -63, 131), (-236, 96, 95), (-109, -217, -4), (-165, -51, 171), (194, -24, -189), (200, 105, -202), (-152, -242, 45), (90, 40, -86), (-8, -203, 46), (181, -102, -64), (-8, -115, 67), (-159, 96, -65), (-72, 181, 36), (-154, -33, -27), (239, 141, -36), (14, -17, 65), (-154, 134, -104), (-214, 159, -126), (74, -219, -182), (35, -157, 33), (21, 223, 58), (-94, -206, 167), (142, -137, -161), (168, 210, 195), (242, -94, -19), (66, 185, 199), (156, 113, -207), (-75, -201, -17), (-211, -136, -113), (18, -226, -16), (-13, -65, -114), (-213, -94, 245), (50, -240, -5), (220, 185, 108), (3, -108, 68), (198, 156, 132), (-194, -79, 163), (-241, 48, 68), (218, -83, 227), (-168, -167, 175), (-53, -132, 224), (-3, 136, -169), (243, 65, 214), (102, 27, 160), (146, 20, -239), (139, -58, -55), (202, -243, -133), (38, -150, 20), (-78, -61, -106), (60, 35, -227), (221, 244, 39), (-23, -57, -22), (-110, -214, 79), (209, 43, -99), (-21, -89, -23), (230, -108, -121), (48, 156, -32), (249, 170, -173), (-115, 8, -180), (-200, 92, -48), (-100, 69, -42), (-196, -135, -81), (187, 202, 60), (-246, 143, -116), (-134, 55, 28), (-115, 126, 186), (-82, 42, 157), (52, 206, 63), (220, -60, 234), (21, 118, -143), (166, 163, -44), (125, 150, -180), (-142, -113, -155), (44, 193, 27), (116, 48, -128), (-176, 13, -88), (108, 239, 56), (-237, 161, -230), (-109, -158, -144), (146, 51, 219), (199, -234, -78), (-193, 62, -180), (115, -86, -109), (-46, -85, 130), (111, -116, -115), (-144, 88, 157), (163, 66, 171), (-42, 179, 106), (123, 68, -166), (-68, -118, -250), (105, 90, 226), (122, 225, -166), (-63, 108, -158), (-249, -131, 247), (48, -201, 122), (-186, -238, -157), (-12, -121, 193), (157, -226, -117), (-244, 141, -6), (244, -102, -90), (182, -85, -210), (-57, -8, -80), (-9, -91, 219), (1, -147, 3), (-146, -131, 158), (-208, 178, -141), (-127, 73, 144), (-200, -81, 169), (30, -206, 219), (-89, 107, -236), (-53, -50, -158), (-80, 93, 247), (-52, -249, 150), (42, -197, 61), (115, 68, -130), (-81, 116, -21), (-163, 138, -80), (-228, -163, 128), (233, -174, -242), (-66, -48, 39), (-166, -229, 217), (173, 129, 162), (131, -16, 186), (54, -125, -242), (16, -233, 222), (155, 92, 98), (146, -200, -192), (80, 84, -245), (83, -146, -11), (-248, 207, 161), (-89, 166, -179), (-250, -182, 156), (-171, 68, 192), (52, -165, 178), (-241, -237, 75), (-239, -45, 250), (123, -231, -217), (137, 93, 23), (111, 60, 20), (-157, 113, -244), (65, -3, -245), (100, 42, -206), (22, 208, -221), (-149, -146, -39), (-175, 91, 24), (119, -135, -40), (89, 49, 1), (-172, -137, 29), (-122, -79, -210), (71, 171, 234), (-132, 208, -189), (-131, -159, 187), (-203, 124, 188), (44, 137, -196), (-147, -117, -112), (183, 92, -158), (-10, 144, 136), (-247, -227, -211), (-52, 1, -114), (189, 151, -27), (-250, 213, 78), (134, 93, 235), (106, -35, -235), (-42, 20, -193), (65, 206, -97), (-77, -5, -89), (-246, 46, 16), (-238, -170, 88), (165, -28, 76), (-53, 247, 49), (26, 165, -60), (36, 65, 16), (-105, 33, -250), (248, 169, -12), (-168, -79, 191), (21, 3, 193), (51, -152, 77), (-146, -58, -153), (-130, 248, 77), (85, -239, -181), (-54, 225, 161), (7, -105, -179), (204, -67, -189), (14, -91, 186), (193, 67, -245), (-30, -146, -174), (-217, -149, 82), (-26, 185, 69), (152, -55, 121), (94, -87, 169), (-37, -239, 157), (188, 146, -196), (22, 65, -112), (-121, 181, 207), (93, -112, -189), (-23, -236, 137), (-227, -133, -211), (-100, 175, 65), (114, -135, 25), (172, -219, 155), (-8, -3, 89), (-210, 158, 168), (-171, -179, 244), (80, 3, 144), (147, 244, -238), (-155, 112, -220), (-28, -216, -58), (14, 57, -66), (-17, -121, 207), (-179, -122, -22), (134, 77, -237), (4, 97, 208), (198, 56, -150), (-218, -80, 62), (-203, 169, 158), (100, 219, -157), (79, -75, 73), (131, 83, -170), (221, -64, 62), (-68, -190, 219), (-54, 14, 22), (186, -179, 167), (123, 95, -134), (25, -95, 44), (137, -194, -220), (-159, -222, -147), (-23, -118, -175), (241, 250, 234), (-105, -65, 203), (-178, -37, -23), (-32, -51, 163), (175, -4, 212), (-239, 184, -88), (81, 162, 194), (-114, -237, 131), (-77, 166, 74), (84, 19, 59), (-134, 107, -185), (100, -160, -154), (137, -57, 200), (41, 20, 250), (-170, -94, -112), (-230, -23, -86), (157, -94, 75), (24, 76, 223), (-82, 39, -56), (116, 141, -11), (-74, 53, -76), (-145, 141, 66), (-229, 52, -160), (8, 175, 216), (-213, 236, -155), (213, -153, 237), (29, -35, -175), (178, -218, 4), (-15, -177, -22), (-244, -203, -128), (82, -139, -110), (103, 206, 35), (-230, 228, -242), (80, 79, 87), (243, -53, -29), (-77, 32, 92), (-187, -204, 224), (-245, -210, 2), (145, -23, 231), (-116, -5, 86), (-63, 237, -131), (-186, 41, -124), (-151, -231, -148), (31, 197, 108), (-69, -187, 65), (193, -235, 6), (223, 169, -134), (-243, 225, 136), (-103, -141, 7), (20, 221, -13), (104, -66, -169), (203, -112, -72), (-241, 199, -121), (-186, -192, 122), (19, 172, 244), (-217, -110, 184), (38, 172, -184), (-5, 248, -90), (-107, 59, 120), (-3, 19, -193), (114, -17, 59), (120, 189, -199), (193, -52, 204), (210, 34, -136), (101, 15, -155), (243, -125, 222), (78, 40, 63), (-233, 36, 162), (-14, 27, -123), (-36, -207, -149), (146, 243, -34), (241, -121, 244), (163, 130, -122), (163, -80, 216), (169, -14, 29), (227, -100, 21), (-215, 208, 183), (-45, -173, 209), (105, -159, 104), (-142, -112, 96), (-199, -156, 150), (-31, 130, 76), (43, 132, 9), (-26, -153, 164), (211, 114, -218), (107, -232, -52), (-124, -231, -96), (35, -238, 65), (-48, -15, -14), (68, -105, -100), (-181, 17, 114), (199, 146, -45), (-227, -129, -41), (-219, 230, -167), (248, -228, -2), (-213, -155, 249), (-143, -74, 107), (-163, -47, 72), (106, 187, -16), (-175, -114, 117), (61, 108, 160), (-121, -194, 161), (-72, -42, 125), (-180, 101, -29), (-84, -48, -8), (204, 34, 10), (200, -213, -4), (189, -12, -176), (-156, 85, -22), (79, 113, -192), (-239, -17, 199), (59, -80, -4), (196, -129, 205), (42, 98, -194), (-207, -110, -86), (62, -185, 165), (51, 241, 123), (-248, 249, -191), (63, -161, 229), (229, 179, 120), (-213, -138, -1), (170, 199, -173), (105, -1, 224), (-177, 16, -3), (165, 250, -154), (101, -27, 118), (-33, 73, -215), (182, -219, -155), (190, -187, -250), (10, 207, 129), (-144, -48, -226), (-28, -23, -207), (165, 106, 142), (66, -59, -249), (-40, -163, 169), (101, -232, -2), (122, 204, 200), (19, 197, 15), (-154, 125, 77), (-9, -191, -196), (-203, 247, 112), (-198, 213, 247), (20, -86, 34), (-112, 77, 224), (-221, -54, 192), (-46, -183, -85), (-200, -85, -138), (34, 2, -40), (-166, 148, 39), (140, -57, 137), (169, -18, -49), (179, 124, 21), (21, -103, 4), (24, -85, 187), (146, -113, 79), (-149, 113, -69), (-133, 45, -117), (-156, -132, -40), (-199, 216, 43), (-157, -174, 129), (36, 104, 185), (-97, 183, -95), (-150, -243, 87), (-148, -101, 245), (206, -142, -196), (156, 161, 4), (-140, 112, 237), (189, -225, -65), (55, 61, 67), (72, 206, 193), (-168, 195, -230), (-226, -173, -105), (34, 96, 153), (-65, -176, -127), (-183, 47, 83), (-194, -232, 68), (167, 129, -24), (201, -124, -26), (170, -37, 72), (173, -101, -92), (-127, 170, 137), (45, 9, 169), (250, 230, 131), (-171, 2, 139), (-38, -219, -156), (-35, 101, -51), (-212, -90, -151), (138, -158, -160), (121, 102, 244), (-65, 131, -9), (-102, -45, -83), (-45, 179, 217), (126, -196, -32), (27, 85, -66), (60, -158, 40), (-50, -230, 94), (-10, 177, 239), (-100, 247, -243), (-95, 58, -42), (69, -137, -43), (157, -5, 150), (61, 147, 208), (96, 222, 77), (44, 198, -166), (220, 176, 130), (183, -190, -88), (114, 1, -121), (-152, -145, 215), (86, 27, 15), (245, 81, 47), (208, 26, -19), (-21, 221, 210), (134, -194, -155), (-165, 8, 163), (52, -4, -105), (-178, -85, 223), (156, 150, 51), (124, 174, -37), (165, 186, -216), (-101, 167, 227), (152, -193, 188), (204, -45, 217), (-97, 33, -182), (91, 225, 139), (30, 152, -171), (111, -9, 128), (116, 86, -61), (90, 186, 2), (224, -160, 37), (116, 245, 240), (221, -112, -104), (-114, 26, -72), (-143, -197, -97), (-206, 191, 75), (80, -168, 35), (164, 174, 148), (3, 135, -83), (235, 200, 136), (246, 49, 44), (-109, -120, -14), (179, 102, -141), (-133, -121, 46), (155, 179, -53), (-144, 5, -194), (34, 183, 103), (-15, 4, 142), (67, -213, 132), (216, 82, 5), (163, -16, 18), (-90, 237, 25), (233, -49, -104), (135, -21, 146), (92, 99, 156), (-110, -29, -43), (-220, -225, 234), (-95, 149, 67), (132, -157, -42), (101, 15, -24), (34, 221, 169), (73, 68, -28), (-73, 156, 92), (-161, 236, -21), (-127, 114, 209), (-41, -153, -39), (13, 51, 204), (235, 179, 170), (-191, -229, 9), (155, -58, 135), (-182, -249, -157), (107, 221, 186), (-75, 246, 220), (19, -12, -17), (-48, -128, -4), (186, -172, -211), (-227, 248, -139), (-204, -133, -146), (-211, -146, -230), (-174, -220, 79), (139, -88, -240), (-17, 157, -129), (-56, -22, -70), (-169, -155, 93), (-100, -55, -235), (-247, -120, -224), (-117, -236, -60), (182, -197, 150), (198, -67, -249), (56, -63, -184), (-177, -237, 35), (53, 90, -239), (-240, 16, -77), (-232, 215, 41), (110, 62, 67), (-208, -28, 44), (-246, 231, -106), (-115, -81, -206), (-166, -202, -188), (211, 41, 5), (-84, 42, 135), (-144, 29, -42), (-190, 128, -215), (119, -234, 135), (249, -151, -107), (-110, -11, 231), (56, 33, 43), (-231, 222, 183), (129, 235, -236), (-79, 40, 76), (125, -152, -13), (-119, 201, -184), (-218, -28, 187), (-152, 101, 39), (-62, -193, -119), (-139, 2, -63), (-54, -226, -159), (-202, 105, -233), (-193, 157, -56), (-60, -105, -112), (-90, 131, 240), (111, 86, -72), (-225, -24, 63), (-162, 105, 224), (-137, 146, 121), (-236, 163, 243), (-71, -176, -110), (-101, -169, 206), (-231, 38, 224), (220, -142, 204), (-203, 124, 191), (220, 170, -182), (-12, 162, -45), (86, 56, -209), (118, 230, -104), (99, -23, -116), (-45, 188, -134), (-102, -29, -108), (67, -81, -238), (238, 7, 226), (-84, -177, 68), (164, -10, -223), (243, -87, 18), (33, 49, -94), (-17, -62, 240), (39, -236, -244), (142, -99, -218), (103, -139, 39), (-133, 21, -71), (-209, 57, 205), (15, -88, 93), (-217, -85, 127), (-138, -51, -161), (197, 53, -169), (161, -236, 16), (223, -198, 152), (-93, 174, -179), (-241, -245, 177), (-50, -118, -149), (-177, -46, 162), (-6, -134, -43), (-1, 42, 172), (-56, -2, -25), (-79, -202, -63), (154, 96, -243), (-160, -43, -37), (201, -200, 28), (-152, -185, -41)]
out:     (True, 1, [-1, 1, -1, -1, -1, -1, -1, 1, 1, 1, 1, -1, 1, -1, 1, 1, 1, -1, -1, 1, -1, -1, -1, -1, -1, 1, 1, -1, -1, -1, 1, 1, 1, 1, -1, -1, 1, 1, -1, -1, 1, -1, 1, 1, 1, 1, 1, 1, -1, -1, -1, 1, -1, 1, -1, 1, -1, -1, 1, 1, 1, -1, -1, 1, -1, 1, 1, -1, 1, -1, 1, -1, 1, -1, 1, 1, 1, 1, -1, 1, 1, 1, 1, -1, -1, 1, -1, -1, 1, 1, -1, 1, -1, 1, 1, -1, 1, -1, -1, -1, 1, -1, 1, 1, 1, 1, 1, 1, -1, 1, 1, -1, 1, -1, 1, 1, -1, -1, -1, 1, 1, 1, -1, -1, 1, -1, -1, 1, 1, 1, -1, 1, 1, 1, -1, -1, 1, 1, -1, 1, -1, 1, -1, 1, 1, 1, -1, -1, 1, -1, -1, -1, 1, 1, 1, -1, -1, -1, 1, -1, -1, -1, -1, 1, 1, -1, 1, -1, 1, -1, 1, -1, 1, 1, 1, 1, -1, -1, -1, -1, -1, 1, -1, 1, 1, 1, 1, 1, 1, -1, 1, -1, -1, 1, 1, -1, -1, -1, 1, 1, 1, -1, 1, 1, 1, 1, 1, -1, -1, -1, 1, 1, -1, -1, -1, 1, -1, 1, -1, -1, -1, -1, -1, 1, 1, 1, 1, 1, 1, -1, 1, -1, 1, 1, -1, -1, 1, 1, -1, -1, -1, -1, 1, -1, 1, 1, 1, -1, 1, 1], 0.0)
time:    0.006907224655151367
 
soubor:  uf250-098.cnf
clauses: [(-244, -118, 149), (121, 138, 199), (90, 63, -142), (-122, 62, 114), (-213, -245, 137), (159, -240, 166), (101, 37, 226), (-71, 179, -112), (-112, 129, 209), (-20, 64, 41), (204, 215, -28), (-208, -123, 231), (233, -243, 250), (-241, 67, -136), (246, -62, 50), (75, 171, 69), (46, -247, -213), (97, 162, 126), (-103, -246, -148), (224, -192, -2), (-128, -52, -139), (-37, -199, 174), (134, -72, 15), (-90, 20, -16), (-178, 232, -152), (148, 132, 182), (-215, 115, 34), (241, 248, -79), (25, 97, 16), (-1, -12, 6), (-32, -89, -141), (48, -90, -84), (-89, -218, -195), (-164, 247, -49), (-204, -38, 144), (218, -221, 173), (-78, 231, 137), (109, 151, 82), (6, -232, 51), (186, 115, 125), (163, -41, -34), (134, -227, 198), (-135, 247, -160), (20, 55, 209), (157, 43, 234), (-94, 35, -97), (95, 4, 222), (-52, 159, -106), (-190, -144, 210), (18, -120, -111), (-58, 244, -18), (149, 216, -142), (230, 59, -75), (-241, 210, 92), (-18, -125, 174), (-111, 183, -67), (-16, 235, -153), (-73, -85, -219), (-96, 160, 198), (-241, 128, 180), (237, -117, 239), (-240, -11, -60), (52, -240, -250), (-8, -232, -78), (-11, 159, 65), (-246, 59, -187), (58, -102, 191), (32, 45, -98), (200, 72, -216), (215, -38, 42), (99, -223, 173), (-217, -14, -135), (15, -163, -172), (97, -144, 58), (-196, -135, 122), (102, 13, 72), (-58, -15, -41), (-70, 187, 86), (228, -145, 172), (-119, -153, -228), (-89, 242, -154), (-187, 73, -217), (-150, 84, 74), (-14, 53, -18), (28, -206, 127), (146, -34, 9), (-2, 130, 96), (-106, -7, 195), (53, -5, -73), (-44, -217, 115), (-188, -118, 94), (220, -169, 166), (176, -243, 29), (-139, 225, -24), (-121, 88, -180), (-46, -196, -19), (176, -111, -104), (-113, -101, -233), (-161, 109, -129), (146, -191, 10), (-227, 223, 213), (180, -37, -215), (-24, -240, -6), (-42, -69, -40), (-121, 80, -222), (-173, 229, 202), (-97, 126, -21), (-154, 243, 150), (71, -165, 179), (71, -10, -147), (-32, 129, -132), (39, 143, 97), (219, 176, -92), (-227, 156, 129), (223, -86, -29), (-23, -159, -113), (-125, -181, 51), (-71, 207, 249), (127, -52, 240), (24, 179, -90), (-37, -70, 127), (58, 98, -199), (-181, 140, -144), (14, -179, -20), (8, 208, -154), (-65, -46, -20), (-210, 2, -90), (-96, -41, 49), (-208, -234, -29), (202, 244, -171), (57, 156, -226), (-69, -58, 173), (67, 62, 73), (-216, -9, 26), (-207, 187, 6), (57, -99, 3), (203, -243, 159), (-157, 218, -186), (22, 48, -245), (60, 248, -167), (-162, -181, -58), (-16, 165, 225), (-48, -197, -93), (-220, -197, 223), (195, 53, -12), (-70, -30, 66), (109, -210, -192), (208, -181, 177), (-225, 135, 49), (-211, -44, -95), (-107, 225, -242), (-200, 211, 146), (122, 2, 211), (-151, -26, 9), (242, -183, 152), (49, -11, -31), (227, 132, -93), (152, -144, -137), (-236, 93, -213), (103, 34, 117), (60, -169, -32), (221, 187, 96), (199, 211, -13), (-22, 58, 48), (169, -155, -124), (56, 217, 163), (-51, 27, 59), (15, 39, -78), (232, -145, 207), (-119, 47, 164), (-237, -137, 38), (22, -25, -121), (197, -187, 249), (-173, -195, -16), (139, 92, 190), (-124, -70, -158), (-5, 240, 156), (86, 16, -14), (-205, 213, -171), (114, 231, 235), (-74, 156, 138), (113, -73, -96), (96, 33, -181), (86, 72, 183), (-150, -156, 5), (203, 32, 193), (196, -125, 82), (-206, 239, -63), (107, -184, 2), (63, -89, -199), (103, 175, -188), (-56, -210, -76), (-167, 206, 208), (-158, -198, -239), (-202, 48, -17), (-56, 217, -164), (195, -68, -138), (-239, 121, -93), (-1, -6, 131), (-167, 115, 164), (172, 71, 244), (-14, 9, 73), (-39, -16, -148), (-64, -212, -1), (-60, 118, 30), (-250, 223, -114), (249, -72, -186), (-99, -11, -230), (-241, -205, 153), (-157, -209, 221), (230, -181, 244), (-22, -173, 123), (-171, 92, -106), (-90, 79, 202), (96, -227, -59), (88, -143, 171), (133, -7, 17), (102, -135, -208), (125, 18, 156), (212, -65, 66), (-116, 119, 226), (80, 112, 87), (-187, -211, -199), (99, -119, -156), (11, -197, 58), (131, 91, 153), (176, -117, -119), (110, 140, -155), (196, -132, 18), (-94, -146, -200), (186, -102, 15), (-96, -133, 169), (159, 5, 11), (-213, 8, 176), (-233, 203, -207), (108, -39, -29), (174, -223, 118), (-213, -96, 18), (-17, 122, -88), (-3, 85, 150), (-136, -125, -42), (149, 170, 142), (30, -225, 175), (-128, -215, 206), (162, 159, -143), (64, -3, 35), (-25, 65, -202), (-245, -112, -188), (-3, 36, 100), (-16, -162, 164), (68, -37, -34), (134, 167, 15), (-48, -77, 207), (-121, -248, -152), (-226, -221, 64), (-171, 196, -73), (-154, 181, -132), (-14, 63, 41), (-86, -169, -35), (-139, 116, 210), (239, -176, 33), (-26, -34, 11), (-121, -216, -88), (-199, 22, -55), (-222, 147, 59), (20, -88, 239), (-132, 174, 153), (168, 202, 69), (-141, 62, 26), (-139, -16, 180), (-10, 217, 116), (118, 151, 188), (-124, -210, 220), (-197, 106, -144), (-6, -190, -203), (214, -147, -116), (93, 13, 34), (49, 157, 36), (-101, 45, -107), (-181, -22, -98), (-33, -171, 130), (31, 93, 38), (-140, -172, 227), (176, 39, -121), (189, 214, 159), (-20, 129, 37), (-175, 57, 129), (33, -10, 173), (-85, -110, -151), (92, 80, -147), (-117, 135, -122), (189, -208, 205), (-69, -203, 84), (103, 47, 128), (187, 93, -98), (-77, 210, -98), (96, 50, 89), (-124, -185, -212), (226, 28, -219), (-121, 218, -63), (180, 127, -116), (-158, -170, -27), (-6, 94, 78), (140, -27, 31), (-79, -249, 29), (-48, -146, 206), (-140, 80, -200), (-60, 82, 13), (-140, 188, -89), (232, 124, -217), (90, -62, -78), (75, 114, -80), (-193, -90, 238), (18, 116, 223), (74, 17, -142), (222, -117, -217), (-50, 236, 55), (36, -203, -174), (58, 176, 15), (-49, -106, 67), (95, -117, 211), (2, 216, 107), (141, -130, -69), (-213, -210, -152), (28, -39, -38), (-189, -73, -50), (-20, -136, 181), (242, -82, 155), (-37, 108, 17), (-121, -113, 46), (-91, 146, -96), (105, -64, 115), (-61, -182, 138), (21, -29, -140), (-44, 88, 89), (-87, -191, -208), (82, -48, 52), (-177, -169, 245), (-162, -189, -167), (-242, 230, -80), (74, -216, 150), (-132, -249, -138), (175, 154, 240), (-228, -2, 183), (-167, -148, 54), (188, 209, -44), (173, -140, -243), (55, -63, -133), (-60, 106, 198), (66, -198, -2), (-198, -132, 94), (-236, -141, -242), (207, 6, 192), (-35, 109, -176), (85, 166, 154), (222, -233, -229), (-168, -209, 88), (-39, -145, 44), (-50, -18, 202), (181, -85, 218), (-182, -142, -235), (-106, 126, 167), (232, 73, -249), (119, 102, -249), (122, 7, 82), (91, -23, 144), (-34, -38, 227), (55, -213, -83), (34, -106, 236), (31, -47, -69), (114, 227, 182), (109, 86, -151), (-95, -90, 94), (62, -177, 187), (-110, 239, 159), (88, -215, 20), (133, -81, -157), (165, -10, -33), (90, 249, 101), (139, 156, -48), (91, -171, 114), (183, 73, 166), (32, 21, 90), (239, -119, 24), (-148, 34, 225), (-95, 172, -228), (-43, 215, 241), (-39, -86, -118), (-154, -138, -16), (-247, 124, 193), (29, 164, -195), (-175, 164, -192), (-11, 161, -82), (25, 193, 119), (-200, 117, 219), (166, 116, 202), (87, -46, 236), (24, 222, 19), (-86, -125, 250), (49, 114, 236), (56, 173, 189), (79, -120, 107), (-172, 171, -39), (-247, 112, -13), (116, -115, 41), (174, -187, 220), (173, 22, 122), (-96, -8, -191), (22, -193, -78), (211, -55, -7), (49, -79, 75), (-21, -114, -41), (162, 239, 133), (-69, -145, -23), (38, -139, -16), (183, -188, -249), (26, 226, -54), (192, -30, 186), (-154, 200, -202), (-138, -133, -19), (73, 110, 96), (12, -143, -27), (-12, -150, 174), (4, 128, 206), (191, -232, 104), (-166, -19, -107), (249, -28, 185), (75, 136, 3), (-25, 238, -61), (-65, 233, 142), (179, -242, -69), (-194, 227, -232), (-208, -114, -104), (17, -159, -201), (-237, 203, 225), (-178, 49, 42), (-200, -28, 248), (149, 113, 151), (-215, -88, 194), (-158, 151, -33), (-182, -206, 201), (-244, 151, -62), (-28, -230, -79), (-213, 196, -238), (237, -18, 54), (173, 82, -37), (-158, 49, -139), (185, -66, -199), (-164, 208, -125), (54, 100, -3), (-188, -42, 234), (213, 72, 86), (70, -226, -191), (198, 152, 142), (56, -107, -105), (-211, -151, -17), (232, -88, 3), (-192, 9, 19), (-67, 224, -159), (213, -101, 69), (42, 119, 183), (-239, 44, 146), (34, -52, 93), (-59, -250, -93), (-180, -170, -238), (-30, 28, 15), (-20, 73, -121), (249, -98, -33), (210, -209, -216), (-189, 106, 93), (72, 133, -106), (163, 114, 13), (14, 26, 174), (-12, -76, -31), (-150, -65, -62), (-71, -61, -47), (-117, 60, 4), (-206, -106, -57), (-201, -164, 249), (-188, 41, -190), (-164, 103, -240), (101, 146, 196), (-136, 231, 144), (116, 60, 210), (-239, -229, -140), (107, 141, 25), (-233, 201, -200), (217, -191, 206), (157, 248, -124), (216, 100, 144), (27, -135, 11), (105, -214, 62), (-30, -110, -57), (-49, -127, 188), (-87, 208, -149), (101, -89, 61), (223, 245, -5), (-151, 79, -6), (148, 111, 103), (133, 119, 54), (208, 199, 204), (59, 34, -89), (-210, -219, 216), (191, -73, -139), (-140, 41, -40), (58, 30, -87), (-106, -105, -181), (82, 127, -216), (-75, 33, 215), (-134, -216, -162), (-61, -217, 13), (-45, 84, 165), (-223, -109, 208), (80, -231, -82), (166, 78, 124), (-62, -248, -74), (-4, 59, -47), (-201, 196, -86), (218, 82, 217), (178, 103, 248), (-67, 166, 26), (23, 128, -61), (198, -57, -92), (-168, -162, 24), (9, 102, 152), (34, 174, 171), (61, -86, 174), (18, -102, 86), (52, -53, 192), (124, -196, 217), (-31, 235, 247), (-248, -106, 145), (201, 245, 152), (66, -156, 89), (122, -105, -221), (161, -156, -157), (111, 56, -110), (231, -27, 61), (82, 36, -185), (209, 122, 180), (207, 163, -7), (-78, -135, 13), (-97, -147, -71), (-4, 245, 237), (147, 42, -124), (-178, -44, 38), (-141, -233, 198), (198, -18, -10), (-220, 178, -168), (209, 12, -41), (-208, -15, 171), (57, -90, -59), (-117, -191, -247), (-49, -179, -99), (215, -93, 225), (133, -132, 77), (-130, -183, 115), (-168, -53, 49), (-85, -227, 187), (146, -158, 163), (183, 45, 218), (-35, -228, -26), (7, -83, -14), (-64, 81, 169), (-71, 160, -19), (71, -213, 227), (-132, -6, -52), (-118, -161, 50), (-73, 30, -127), (104, 100, 50), (54, -153, 43), (-104, -72, -20), (-123, -97, 85), (217, 51, 80), (234, 146, 209), (-113, 71, -194), (-170, 204, -206), (-113, -231, 31), (248, -119, 58), (-187, -196, 245), (-186, -91, -82), (-14, 166, -135), (-154, -216, -224), (-192, -161, -245), (99, 176, -152), (-105, -6, -221), (118, 149, -133), (-246, -22, 202), (96, -147, 26), (-47, 244, 190), (79, -191, -16), (-17, -245, -50), (135, -242, -189), (-201, -57, -41), (-242, -194, 179), (-191, 221, 206), (-108, -37, 78), (75, -70, 66), (-158, 107, -84), (135, 75, 173), (79, -196, 35), (-117, -11, 90), (18, 243, -95), (-110, 164, -107), (173, 247, 14), (-160, -138, 215), (248, -39, 128), (-113, 1, 38), (207, -194, 208), (2, -59, -67), (-34, 64, -14), (-116, 5, -225), (38, -204, 208), (119, -116, 234), (-146, -180, 179), (87, -229, -146), (36, 93, -157), (-218, -124, 202), (-216, -68, -228), (-69, -39, 87), (-80, -87, -11), (128, -223, -80), (-33, 200, -39), (97, 89, -55), (231, 106, -236), (98, -183, 72), (-96, 35, -230), (-90, 103, 161), (-116, 184, -123), (118, 239, 17), (-88, 154, -52), (-167, 107, 244), (108, -121, 165), (-53, 115, -185), (86, 152, -182), (222, 92, -140), (-232, 167, 8), (-38, -170, -159), (-204, -241, 22), (81, 3, -208), (-249, 76, 54), (39, 80, 221), (-84, 92, -203), (-150, -247, 132), (-228, -215, -50), (-147, 225, 230), (-5, -152, -158), (-8, 32, 55), (-102, 174, -95), (31, 72, -194), (-234, 153, 146), (-42, 107, 160), (-163, 90, -140), (-65, -152, -87), (138, -166, 3), (-2, -230, 161), (156, -235, -120), (173, 97, 41), (225, 127, -243), (-242, 174, 43), (-3, -7, -17), (176, 59, -194), (246, 47, 224), (128, -84, -163), (247, -138, -122), (77, 134, 133), (-52, 221, -96), (123, 12, -17), (133, 176, 210), (244, 42, 242), (241, -158, 6), (161, 52, 23), (-226, 170, 50), (118, -148, 24), (-182, 186, -110), (46, -42, 98), (103, 76, -150), (-163, 58, -116), (60, -167, -30), (152, 176, -158), (203, -145, -249), (148, -48, 240), (243, 85, -129), (241, -107, 95), (-241, 92, 14), (106, 55, -7), (19, 2, -1), (-80, -42, 8), (-135, -140, 162), (68, 151, 192), (-194, 155, -99), (-154, 29, 205), (77, 116, -45), (139, -208, -85), (150, 5, -144), (-137, -30, 97), (-188, 135, -134), (-146, -115, 36), (-135, -86, 67), (213, -35, 9), (-49, -14, 125), (-2, 186, 240), (56, -225, 141), (201, 50, 175), (22, 232, -95), (-124, 137, -235), (103, -33, -169), (119, 224, -222), (99, 15, -186), (-84, 54, 186), (-150, -207, -160), (118, -58, -225), (34, 19, -115), (142, -127, -195), (-31, -234, 30), (-240, -62, 69), (90, 64, -81), (206, -135, 249), (-250, 32, 153), (-170, 140, -36), (-61, -95, -9), (-153, -83, 19), (-214, -103, -3), (-238, 173, 174), (-193, -37, 172), (-175, -48, 122), (-138, 79, 198), (24, -26, 196), (169, 224, -42), (124, 57, -196), (-72, -210, -229), (57, -30, 235), (98, -210, 72), (-163, -154, -33), (113, -120, -203), (-241, -236, 196), (125, -235, 118), (-156, -86, -13), (36, -41, -152), (-214, -108, -17), (153, -157, 166), (187, 2, 77), (107, -17, 150), (117, 30, 69), (-166, -61, 171), (113, -130, 244), (-121, -164, -122), (-13, -75, -248), (190, 61, 21), (-72, -245, -178), (80, 40, 35), (194, -189, -177), (47, 149, -219), (36, 250, 223), (173, 80, -46), (6, -151, 12), (-53, -167, -18), (123, 28, 52), (-3, -107, 112), (26, -86, 200), (43, -191, -172), (-134, 33, 63), (55, -134, -71), (219, -227, -250), (-200, 226, -248), (171, -90, 124), (238, -28, -137), (-93, 233, 32), (57, -58, -232), (-218, -87, -158), (147, -156, -44), (125, 235, -215), (-160, 128, -126), (-196, -98, -22), (110, 120, -245), (222, 232, -137), (-202, -127, -119), (-58, -48, 31), (-148, 185, 169), (77, -221, 191), (-53, -209, 6), (-72, 175, 134), (94, 148, 70), (195, -228, 243), (184, 224, 76), (-149, 97, -22), (163, 107, 169), (-69, 141, -157), (-197, 209, 215), (44, -5, -85), (-182, -28, 227), (197, -95, -119), (124, 209, 56), (-18, -43, 27), (-94, -27, -103), (58, 77, -9), (-46, 227, -35), (-79, -216, -133), (-204, -13, 23), (-78, 89, -31), (-162, 75, 4), (-110, 155, 9), (-69, 147, 66), (-181, -235, 74), (-208, -43, -158), (-165, 134, 250), (-201, 163, 13), (60, 126, 228), (185, -8, -243), (-77, -168, -249), (-160, -71, -105), (18, -189, -70), (111, 207, 2), (96, 16, 86), (45, 101, 214), (14, -245, -190), (26, -171, 118), (-221, -61, 222), (-50, 244, 68), (-181, -126, 193), (-13, 183, -22), (-132, -76, 95), (-13, 141, 106), (37, 162, 247), (-197, 227, 204), (-166, 134, 55), (-112, -218, 181), (1, -229, 242), (110, 250, 16), (-184, -51, -39), (9, 106, -43), (168, 154, 96), (-199, -110, 40), (44, -75, 2), (-121, 114, 157), (69, 9, -201), (240, 146, -86), (-37, 115, -187), (20, 155, 190), (200, -199, 202), (179, 207, -249), (30, 19, -138), (-13, 142, 7), (137, -139, 241), (123, 167, -24), (122, -205, -179), (-112, -25, 226), (-141, 153, 223), (-234, 238, -230), (50, 187, -113), (-45, 132, 95), (180, 114, -155), (-4, 157, 208), (135, 245, -28), (-158, 246, -87), (-25, -138, -70), (177, 4, 22), (66, 120, -182), (72, 155, -184), (-74, -170, -239), (-136, -175, 133), (-114, -98, -27), (161, 245, 13), (-31, -90, -187), (-208, -13, 119), (191, 58, 194), (96, 126, -213), (15, 172, -135), (-60, 45, -242), (195, -216, 194), (83, -102, -173), (142, -20, 61), (-245, -156, 243), (32, -242, 51), (-204, -182, -26), (-12, 78, -40), (-120, 245, 233), (-1, -93, -30), (250, 3, -203), (-110, -230, 121), (73, 139, 194), (76, 192, -42), (-182, 122, -233), (-174, -115, -207), (-66, -25, 212), (-52, 234, 227), (42, -170, 241), (-223, 160, 233), (159, -45, -213), (98, -236, 152), (148, -224, -46), (-172, 10, 61), (24, 66, 198), (105, 180, 114), (194, -143, -20), (-158, -99, -165), (-93, 144, -143), (-191, 80, 51), (209, 191, 1), (-107, 201, -188), (-68, -204, -239), (116, -250, -105), (244, -94, 241), (116, 191, 17), (162, -119, 226), (-239, 62, -226), (189, -160, 132), (-204, -162, 128), (21, -72, 50), (62, -99, -180), (59, -187, 237), (166, -104, 190), (-82, 101, -19), (68, 66, -47), (179, -165, 83), (33, 10, -217), (-49, 209, -235), (96, 88, 231), (-90, -114, -91), (-120, 159, 109), (-233, 49, 70), (81, 116, 72), (-196, 200, -166), (202, 155, 75), (236, 160, -214), (-155, 94, 29), (-87, -124, 213), (-238, 133, 17), (-115, 11, 235), (-245, -39, 185), (-188, 38, -140), (63, 98, -56), (91, -244, -126), (-188, -11, -196), (-197, -195, -38), (177, 90, -208), (248, -118, 67), (-46, 233, -67), (107, -26, -224), (51, 144, 118), (-9, 200, -109), (185, 13, -31), (-75, 112, -155), (104, -139, -19), (1, 241, -110), (-138, 87, 84), (-160, -238, -112), (113, -64, 39), (11, -59, -210), (245, 137, -141), (239, -143, 56), (172, -49, 96), (-211, 102, 148), (71, -129, 161), (181, 153, -183), (40, 246, -81), (204, 239, 18), (135, -233, -109), (135, 53, 106), (92, 14, -166), (212, -125, -169), (12, -175, -225), (-37, -109, -230), (-121, 26, 15), (-239, -162, -112), (-77, -147, 71), (-231, -202, -215), (-202, -17, -47), (-143, 32, 213), (5, -247, -194), (-62, -227, -27), (-173, -201, -167), (76, 108, 164), (60, 183, 107), (-55, -94, 111), (-129, -21, -237), (120, -75, 159), (184, -38, -173), (173, -220, -144), (143, 47, 76), (-13, 174, -56), (207, -198, -32), (179, 168, -32), (-62, -187, -161), (188, 108, -200), (49, 123, -170), (62, -78, -196), (87, -121, 97), (-60, -33, 48), (123, -175, -120), (-69, 237, -103), (-236, -152, -53), (-110, -82, 115), (67, -9, 118), (-126, -102, -31), (226, -243, 206), (52, -216, -198), (-99, -6, -25), (-49, -29, -234), (22, 19, -64), (-21, 240, -230), (-22, -120, 175), (-161, 72, 77), (-160, -83, -67), (-104, 20, -227), (-155, 92, 231), (93, 89, -167), (-87, -218, -211), (201, -62, 77), (-227, -58, -95), (-194, 129, 8), (-222, 105, -164), (-27, 209, 187), (232, 73, 150), (-134, 66, -161), (-145, -214, 14), (-228, -109, 131), (111, 22, 211), (136, 240, -155), (140, -182, 60), (-185, -55, -43), (225, 185, 38), (108, -186, 54), (151, -119, 53), (49, 44, -32), (-188, -28, -247), (-159, 202, -139), (228, -166, -150), (-95, -135, -1), (247, 237, 199), (-221, 33, 70), (171, 170, 249), (-23, 93, -222), (55, 219, 90), (-211, -113, 15), (202, 112, -143), (68, 250, -74), (122, 82, -32), (-49, 58, -125), (-166, -73, -102), (-41, -184, -105), (-86, 22, -183), (-98, 210, 73), (-35, -101, -133), (-148, 153, 68), (243, 124, -233), (-30, 142, 209), (205, 149, 6), (-102, -61, -158), (230, 117, -49), (98, -109, 5), (-18, -235, 202), (23, -152, -151), (-86, 31, -238), (-139, 245, -74), (68, -141, 49), (133, -239, -238), (-86, 238, 87), (-163, 101, 45), (-107, -232, 55), (-121, 236, -238), (-172, 190, -197), (-95, 109, -150), (-196, -8, 16), (51, -15, 91)]
out:     (True, 0, [-1, -1, -1, -1, -1, 1, -1, 1, 1, 1, -1, 1, -1, -1, 1, 1, -1, -1, 1, 1, 1, 1, -1, 1, -1, 1, -1, 1, 1, 1, -1, -1, -1, -1, -1, 1, 1, 1, 1, -1, 1, -1, -1, 1, -1, -1, 1, -1, -1, -1, -1, -1, -1, -1, -1, -1, 1, 1, 1, 1, 1, 1, 1, 1, -1, -1, -1, -1, 1, -1, -1, -1, -1, 1, 1, 1, 1, -1, 1, 1, 1, -1, 1, 1, -1, 1, 1, -1, 1, -1, -1, -1, -1, 1, -1, -1, 1, -1, 1, 1, -1, -1, 1, -1, 1, 1, -1, -1, -1, 1, 1, 1, 1, 1, -1, -1, -1, -1, -1, -1, 1, 1, -1, -1, -1, -1, 1, -1, -1, 1, -1, 1, -1, -1, -1, -1, -1, 1, -1, 1, -1, 1, 1, -1, 1, 1, -1, -1, 1, 1, -1, 1, 1, -1, 1, 1, 1, -1, 1, 1, -1, 1, 1, 1, -1, 1, 1, 1, 1, -1, 1, -1, -1, -1, -1, -1, 1, -1, 1, -1, 1, 1, -1, 1, 1, 1, -1, -1, 1, 1, -1, -1, -1, -1, -1, 1, 1, -1, -1, 1, 1, 1, -1, 1, -1, -1, -1, 1, -1, -1, 1, -1, -1, 1, 1, -1, 1, -1, -1, 1, 1, -1, -1, 1, -1, -1, 1, 1, 1, 1, -1, -1, 1, 1, -1, -1, -1, 1, -1, -1, 1, 1, 1, -1, 1, 1, -1, -1, 1, -1], 0.0)
time:    0.005605459213256836
 
soubor:  uf250-099.cnf
clauses: [(-108, 246, 59), (-161, -43, 234), (7, 41, -88), (26, 178, -41), (-7, -145, -33), (206, 18, -136), (-15, 173, -213), (31, -91, 215), (3, 216, 196), (234, -85, 179), (155, -195, 106), (-211, -223, -41), (97, 2, -217), (-81, -122, 27), (-149, 34, 239), (69, -216, 183), (-69, 148, -92), (-89, -120, 184), (231, 110, -213), (67, 173, -195), (132, 155, 183), (-115, 83, 4), (173, 163, -242), (-198, 43, 90), (71, -116, 37), (-232, 52, 28), (21, -230, -124), (-146, -108, -110), (-116, 163, 214), (69, -143, 128), (228, 141, -99), (-47, 75, -193), (-118, -244, -235), (148, -246, -112), (124, 19, -76), (-49, 102, -125), (110, 155, 3), (-180, -192, -94), (-114, -67, -219), (-159, 53, 187), (219, -102, 162), (21, -109, -173), (-124, 90, 189), (-191, 117, 175), (77, -250, -155), (-74, 203, 60), (-4, 65, 166), (174, -212, -165), (-220, 119, -35), (-247, 105, 126), (-110, -192, 63), (-227, 181, 172), (-219, -31, -221), (51, 113, 19), (212, -4, 151), (197, -14, -211), (117, 159, -69), (48, -19, 207), (-168, 203, -212), (-232, 250, -222), (151, 34, 139), (249, -159, 229), (-243, 244, -48), (48, 180, -153), (-227, -98, 190), (-73, -130, 60), (33, 239, -11), (41, -48, -201), (-39, 43, 143), (131, -28, 106), (-97, 49, -215), (7, 42, -194), (-224, -94, 46), (137, -220, -84), (-38, 41, -163), (-229, 208, -187), (149, -120, 238), (-90, 111, 135), (176, -171, -36), (144, -238, 237), (-194, 111, -55), (76, 203, -38), (-105, 134, 34), (55, -194, -239), (37, -95, 177), (-121, -94, -169), (-93, 49, -175), (54, -217, 102), (-155, 11, 63), (83, -138, 109), (-68, -30, 103), (-208, -48, -125), (-100, 230, -204), (-70, 222, 171), (146, -198, 158), (13, 24, 98), (191, 217, 100), (52, -198, 5), (166, 219, -43), (107, -247, 105), (-83, -13, 86), (232, -68, -61), (-107, 185, -112), (-106, 225, -226), (48, 71, 238), (144, -83, -135), (-56, -27, -39), (243, 94, 55), (38, 139, 35), (-146, -127, 180), (182, -83, 84), (45, 211, -70), (31, -91, 72), (-146, -232, 244), (-39, 140, -200), (219, 205, -220), (-94, -65, -87), (-143, 180, -24), (70, 161, -201), (136, 128, 85), (-223, 64, 62), (-69, 209, 147), (88, -15, -225), (80, 48, -149), (224, 246, -117), (-166, -53, -26), (-59, -63, -100), (-1, -55, -237), (214, 246, 13), (-101, 249, -118), (-180, -222, -250), (-97, -7, 58), (-169, -213, -80), (-120, 152, 242), (5, 115, 15), (70, -12, -43), (65, 63, -248), (-148, 177, 173), (-224, 201, 12), (-231, -88, -141), (66, 29, -233), (99, 163, 12), (-56, -183, 197), (89, 133, 229), (126, 79, 149), (-238, -139, -137), (-170, -95, -148), (-202, -246, 115), (-176, -63, 158), (216, 38, -83), (221, 41, 44), (-91, 181, 135), (171, -63, 71), (-60, 136, 107), (222, 5, 57), (210, -89, -151), (-44, 36, -91), (3, -194, -15), (-117, 38, -110), (242, 226, 155), (158, -240, 110), (218, -37, 90), (11, 217, 57), (250, -157, 73), (-9, -122, 53), (185, -76, 73), (-99, -101, 102), (52, -171, 33), (-143, 195, 228), (42, -63, -229), (-178, -160, 224), (-65, -54, 208), (232, -43, -38), (85, 43, -178), (-171, -50, 45), (47, 71, -180), (127, 135, -187), (-201, 33, 222), (-221, -131, -165), (-131, 114, 221), (195, 60, 185), (-8, 206, -140), (124, -240, 223), (-217, 198, 149), (52, -227, -206), (136, -96, 29), (-76, -228, 64), (-157, -47, 93), (148, -108, 17), (139, 40, -89), (63, 198, 86), (199, 94, -33), (-116, 216, -2), (27, 242, -1), (-156, 177, 28), (234, -83, 37), (-124, -123, -149), (112, -1, 173), (7, 235, 10), (245, -184, -224), (-112, -161, 77), (203, 104, 124), (-59, -123, -10), (250, -242, -203), (56, 243, 164), (24, 126, -2), (-101, 227, 86), (-233, 138, -218), (-211, -119, -196), (143, -183, -186), (-148, 236, 76), (-131, -187, -77), (62, -144, -43), (-232, 96, -30), (121, -152, 89), (7, 105, 37), (182, 135, -58), (-164, -162, -112), (-118, 173, 93), (-54, 220, -2), (-193, 32, 65), (-101, 46, 203), (-127, -219, -215), (235, -42, -77), (-179, -242, -145), (-140, 77, 203), (-23, 157, -112), (-28, -193, 134), (-147, -166, 100), (148, 171, -31), (-214, 241, -166), (-217, 204, 93), (-219, -211, -142), (107, 57, 50), (227, 220, 119), (-234, 62, 24), (-131, -223, 24), (232, 133, -4), (74, 200, -201), (211, 6, 220), (-113, -9, 102), (-207, 39, -80), (24, 244, -125), (171, 190, -167), (122, 24, -201), (-132, 216, -235), (-90, 58, -181), (161, 62, 185), (-3, -9, 242), (115, 2, -78), (42, -225, -145), (168, -46, 55), (-40, -126, -154), (26, 164, -1), (-71, 199, -133), (-78, 55, -201), (219, 249, -203), (116, 137, -43), (11, -137, -118), (143, 224, -150), (-2, -199, 218), (108, -140, -47), (228, 28, -30), (224, 58, -27), (-42, -211, 153), (104, -238, -222), (-120, 47, -33), (61, 85, 223), (230, -78, -77), (185, -210, 106), (111, 4, 80), (226, 195, -66), (-204, 172, 8), (195, -241, 191), (166, 182, -69), (-114, -130, 223), (213, -189, 243), (-201, 151, 26), (70, 21, 28), (-119, -208, -207), (-156, 94, 106), (-177, 250, -6), (24, -227, -103), (87, 4, -200), (139, 133, -200), (-71, 226, 23), (-244, -32, 60), (202, 225, -63), (-233, -111, 1), (175, -114, -147), (54, -30, 193), (-137, -199, 78), (31, -149, 3), (90, 186, 138), (105, -43, -227), (-218, 220, -216), (206, -182, 119), (62, 158, -215), (-92, -91, -103), (92, 35, -13), (-4, -148, -219), (-119, 125, 8), (214, -160, -39), (120, -1, 59), (190, 216, -43), (-11, -5, 119), (-118, -36, -187), (-200, -152, 98), (194, -50, -8), (32, 88, -154), (-45, 106, 159), (-226, 202, 112), (-101, 28, -201), (-206, -209, 180), (152, 244, 165), (210, 112, -115), (195, -1, -151), (104, -14, 5), (185, -167, -229), (192, 31, 184), (-116, -46, -113), (178, -108, 140), (56, 17, 67), (80, 6, 195), (-250, -61, -106), (184, 31, -236), (185, 188, -7), (-127, -72, 187), (-221, 212, -13), (240, -19, 192), (36, -135, -139), (-170, -116, 87), (96, 66, 173), (40, -229, 16), (184, -134, 55), (233, 13, 141), (19, -204, -188), (-208, 226, -192), (-185, 48, 178), (236, -34, -204), (-46, 141, -194), (-8, -30, 181), (72, -92, 37), (-212, 157, -92), (-210, -92, -225), (95, 176, 23), (-16, 120, -63), (7, -136, 40), (-88, -110, 168), (121, 208, -115), (228, 215, 171), (35, -19, -151), (45, 222, -101), (95, 103, 108), (-35, -152, -64), (144, -226, -149), (-95, 11, -170), (211, -152, 106), (-59, 80, 223), (22, 126, -156), (-19, -167, 128), (-68, 76, -114), (-121, 32, 122), (96, 152, 187), (-72, -90, -152), (129, 193, 93), (-109, -177, -149), (193, 35, 2), (172, -106, 246), (134, -245, 152), (212, 100, -19), (127, -214, -56), (-245, -128, 3), (89, -114, 119), (147, -105, 37), (-125, -102, -108), (22, 33, 177), (46, 52, -240), (-62, -136, 45), (222, -117, 120), (16, -40, 111), (86, 206, 49), (123, -78, -158), (44, 188, 90), (-103, 89, 176), (232, -112, 130), (-109, 70, 19), (-15, 204, 128), (-127, -110, 192), (-26, 52, -147), (-41, 5, 105), (234, 206, -160), (-52, 128, 195), (-184, -176, 121), (184, 167, -120), (-74, 158, -148), (-18, 62, 200), (169, 115, -190), (-124, 229, 164), (-63, 37, 221), (-76, 190, 245), (-217, 136, -134), (-228, 231, 62), (156, -218, -85), (124, -25, 225), (-182, 32, -31), (-250, -221, 35), (-80, 114, -78), (248, 186, 139), (-19, -128, 125), (85, 154, 113), (14, -80, -88), (-145, -43, 88), (145, 181, 55), (134, 31, -187), (-89, -109, -62), (-68, 237, -222), (-130, -180, -227), (-86, 48, 90), (-199, -215, -132), (44, 60, -14), (-248, -79, 224), (-154, 114, 189), (-39, 167, -139), (230, -5, -184), (17, 184, -215), (-17, 37, 54), (-249, 159, -151), (-29, -78, -148), (136, 186, 209), (-224, 64, 33), (-163, 111, 108), (-4, 99, 23), (137, -64, 138), (-237, -116, 29), (44, 158, -139), (147, -8, -92), (-118, -228, 42), (201, 19, 141), (-182, -39, -238), (-36, 27, -79), (-157, 249, -181), (-191, 121, 132), (-59, 212, 32), (72, -233, 122), (230, -229, -132), (-231, 60, -233), (-66, -249, 106), (-210, -40, -79), (-75, 61, 111), (-51, -98, -32), (-166, 137, 245), (-134, 113, 52), (-107, 19, 72), (-64, 85, -121), (227, 82, -87), (-194, 180, -128), (241, -211, 38), (-74, -56, 115), (206, -54, -210), (-66, -204, 72), (144, 156, 16), (-197, 84, 54), (-80, 199, 59), (69, 49, 103), (19, 190, -34), (-176, 235, -151), (33, -202, -78), (-90, -15, -151), (198, 28, -43), (-131, -74, -108), (159, 89, -184), (-54, -62, 141), (-83, -238, 91), (227, -84, -76), (187, -15, 205), (-243, -87, -207), (115, 200, -48), (-82, -163, 184), (221, -122, 153), (-178, 77, -52), (-250, 113, -65), (-192, -153, -161), (185, -240, 153), (187, -133, 171), (-127, -108, 139), (-158, -240, -121), (183, -137, -62), (-84, -60, 210), (-35, -115, -5), (-16, 81, 41), (163, -167, -20), (192, -71, -102), (-223, -248, -37), (54, -18, 79), (242, -238, 114), (64, 55, -39), (-48, 30, -248), (-126, -6, -159), (-127, 242, -160), (238, 42, 120), (224, -138, -66), (-189, -18, -183), (99, -43, -220), (149, -82, -59), (-25, 239, 60), (99, -201, 137), (-50, 188, -223), (84, 147, 157), (240, -183, -212), (239, 243, -149), (119, 217, 162), (46, 126, 21), (204, 196, 21), (-174, 26, 53), (-45, 63, -15), (155, -229, -99), (-149, 29, -51), (43, 250, -107), (-183, -34, -169), (7, -214, -55), (154, -61, -143), (-176, -25, -155), (-138, 235, 201), (137, -231, 95), (48, -223, -227), (-16, -147, 193), (-34, 75, 94), (140, -189, 21), (-152, 70, 49), (-9, 173, -238), (118, -39, 129), (-129, -230, -101), (7, -58, 89), (-96, 50, -92), (-158, 54, -139), (126, -156, -201), (-31, 94, 127), (32, 72, 103), (-142, 195, 51), (200, -246, -150), (-1, 17, 94), (-98, -52, -152), (20, 213, -38), (-123, -225, -81), (-19, -158, 165), (-107, -246, 73), (-9, 45, 145), (-127, 39, 164), (-34, 95, 130), (-226, -210, 213), (-250, -201, -91), (209, -191, -78), (-245, -248, 192), (208, -191, -157), (136, 123, 169), (-117, -17, -74), (-140, 174, 162), (121, -37, 119), (124, -152, 217), (-240, -125, 237), (33, 90, -20), (-77, -187, -160), (-109, 24, -239), (-3, -209, 85), (84, -229, -199), (74, 170, 12), (-79, 102, -245), (-191, -197, 172), (-111, -176, -216), (-19, 229, 184), (-139, -123, 240), (-208, 45, -116), (100, -224, 151), (-28, -13, -249), (-198, -226, -122), (-201, -81, 43), (205, -189, 53), (-23, 240, -60), (-246, 38, -224), (138, 229, 156), (-179, -60, -221), (204, -98, 32), (-46, -228, -178), (-215, 25, 112), (96, -34, 198), (32, -203, -225), (231, -156, -232), (130, -224, -197), (196, 156, 209), (99, 210, -49), (91, 95, 143), (-199, 79, -250), (150, 221, 152), (-31, 223, 249), (4, -127, -73), (-244, 13, 231), (-231, -27, -156), (159, -107, -217), (-153, -234, -216), (15, 227, 122), (-223, -23, -56), (-31, 139, 160), (-183, 28, -223), (142, -241, -159), (-102, -157, -109), (17, -216, 160), (206, -200, 207), (-232, -70, -104), (131, -110, 182), (171, 70, -230), (167, -58, 189), (145, -86, -57), (177, -183, -13), (-221, 18, 90), (-225, 228, -127), (177, -174, 226), (222, -144, -191), (-222, -171, -74), (214, 172, 229), (-111, 49, 12), (-155, 179, -192), (-236, 14, 86), (-68, -13, -1), (103, 210, -123), (-116, 124, -244), (145, -14, -174), (28, 129, 230), (-192, 123, 35), (143, -118, 241), (-211, -64, -128), (201, -85, -1), (91, 198, 24), (-92, -2, -201), (-158, 87, 83), (152, 63, 94), (17, 218, 119), (-162, 183, 237), (-13, -95, -49), (179, 129, -79), (-42, -178, 242), (169, -224, 227), (76, 152, 1), (-109, 98, 99), (-150, 240, -198), (-158, -43, 152), (-159, -97, 82), (-203, 210, 223), (208, 132, -157), (127, -189, -208), (-48, -74, -1), (-57, 132, -26), (-210, -220, -120), (-241, -131, 23), (115, -64, -250), (31, -185, -239), (-210, 190, 94), (144, -38, 80), (-155, 211, 134), (-238, 222, 134), (-153, 74, 205), (-103, 64, 28), (-57, -193, 143), (139, 110, -73), (-93, 25, -153), (-247, 164, 20), (40, 157, -189), (172, 160, -180), (-177, -185, 245), (180, 49, 56), (28, -22, 232), (172, 13, 193), (97, 1, 206), (-161, -242, -185), (-186, 170, -190), (59, 28, -236), (76, 246, 222), (64, -202, 51), (-20, 138, 107), (96, -228, 16), (-249, 28, 44), (-193, -143, -113), (215, -224, -170), (-131, -12, 35), (84, 61, 54), (-116, 94, 50), (-26, -21, -9), (107, -150, -143), (-174, 45, 147), (34, -116, 174), (-109, -80, -113), (25, -14, -212), (203, 9, -46), (-231, -209, 4), (-239, 200, 151), (181, 146, -195), (-234, 79, 195), (-91, -65, -105), (96, 141, 98), (135, -6, 215), (150, -98, -147), (-26, 124, -30), (-66, 160, 206), (-60, -142, 6), (-173, -126, -28), (138, -60, -43), (235, -179, 57), (156, -215, 34), (-227, 195, -221), (6, -25, -87), (228, 49, -57), (203, 68, 139), (-133, 237, -1), (-247, 74, -80), (179, 62, 206), (12, 73, -165), (-28, 45, -65), (-203, 186, -132), (-88, 99, 53), (99, 246, 171), (172, 23, -88), (-84, 119, 224), (-44, -237, 211), (-155, -28, -163), (-67, 44, -224), (3, 19, 7), (-19, 189, -216), (-18, 130, -237), (-42, -210, -204), (-183, -233, 192), (-141, 222, -59), (-244, 80, -102), (-210, 90, 68), (123, 110, -82), (-226, -246, -231), (206, -43, -172), (178, -184, -63), (217, 103, 224), (-157, -172, -152), (-236, -223, 211), (166, 96, 155), (-70, 38, -28), (-18, 34, 23), (-33, -224, -242), (149, -197, 213), (-222, -79, 198), (-220, 235, -95), (-167, -135, 194), (10, 159, -235), (-241, 242, 143), (55, -72, 133), (-59, -168, -33), (64, 81, -35), (18, 30, -70), (198, -22, 153), (146, 29, 75), (76, -89, 189), (10, 55, -184), (205, 79, 233), (186, 29, 35), (-91, 14, 37), (187, -118, -155), (-228, 236, 201), (115, 235, -90), (-111, 193, 199), (-153, 122, 80), (-6, 223, -239), (57, -76, -200), (18, -101, -214), (-28, -59, -165), (42, 107, 67), (-243, -52, -77), (-196, 20, -249), (125, -45, 87), (-60, -179, 93), (-169, 196, -154), (-89, 60, -1), (88, -237, 233), (-73, 7, -53), (193, -154, 133), (-82, 46, 232), (-184, 119, -109), (-148, -121, 136), (-138, -30, 24), (145, -130, -23), (63, -247, -195), (-94, 166, 93), (-103, -247, -246), (6, -14, -232), (-148, 98, -50), (69, -187, -212), (237, 76, -108), (-205, 130, 204), (-152, -124, 93), (54, -51, 143), (68, 39, -204), (222, 39, 11), (-37, 72, 169), (-69, 173, 160), (206, -110, 112), (116, 30, -121), (4, 29, 210), (-53, -144, -149), (-7, 202, -93), (228, -69, -9), (171, 32, 1), (-212, 104, -87), (-249, -170, -89), (-68, 146, 175), (59, -39, 105), (39, 48, -53), (-98, -50, 7), (-129, 221, -44), (190, 186, -79), (151, -155, 179), (27, 11, -104), (-233, 147, -242), (-113, -210, 183), (-89, -118, 237), (-58, -132, -236), (-42, -163, 218), (87, -225, -164), (-40, -76, -204), (24, -71, -249), (91, 46, -111), (-33, -73, -161), (-17, -54, 127), (-174, -172, -167), (9, -168, -219), (237, 19, 1), (95, -128, 105), (157, 144, 127), (124, 247, 180), (-188, -134, -241), (112, -127, 187), (-145, 68, 158), (-73, 228, 179), (-207, -135, 249), (-210, 113, -6), (119, -130, -23), (-87, -138, -63), (-30, -210, 112), (-210, 116, -7), (81, -211, 43), (233, 30, -191), (250, -171, -71), (196, -194, 168), (-179, 111, -191), (-116, -150, 153), (-220, -219, -93), (-94, 224, 99), (122, 232, 207), (115, -218, 219), (-247, -19, -187), (214, 147, 143), (234, 150, -90), (95, -185, -107), (-160, -88, 113), (167, 140, -33), (-27, 2, -106), (35, 42, 61), (249, 219, 59), (2, 180, 120), (-129, 225, -151), (-121, 104, -192), (-138, -57, -41), (-73, 179, -133), (164, -36, -83), (-45, -28, -116), (135, 60, 47), (76, 173, 125), (-31, 194, 233), (-67, 239, -53), (-40, 67, -231), (-98, -148, 229), (213, -50, 187), (141, 197, 2), (-140, 177, 66), (145, 115, -155), (44, 117, 65), (-36, 223, 88), (30, 200, 31), (-212, 237, 174), (-49, -177, 167), (-218, 63, -148), (-25, 46, 23), (25, -54, 226), (163, -88, 21), (98, -41, -9), (-98, -181, 18), (-182, -194, -137), (-230, 214, -46), (240, 182, 9), (93, -116, 41), (57, -228, 186), (165, 154, -49), (42, 88, -202), (8, 33, -152), (17, -136, -35), (-62, 45, 141), (-102, 33, -18), (138, -126, 214), (-59, -221, 39), (-130, 4, -218), (-78, 123, 250), (83, 221, -151), (-225, 8, 110), (-194, 156, 43), (65, -245, 34), (-238, -237, 217), (106, -37, -56), (240, 111, 184), (-172, -243, 185), (245, 40, -45), (122, 60, -189), (-174, -152, 181), (155, -147, -178), (117, -168, -219), (-102, -127, 234), (99, 26, -114), (181, 36, -62), (178, 169, 116), (81, -123, -30), (-243, -26, -38), (-31, 20, 217), (55, 239, -116), (-85, -27, 49), (62, 212, 177), (3, -4, 127), (-233, -9, 68), (-28, 208, -114), (23, 159, 240), (125, 171, 83), (152, 16, 97), (-77, -39, -84), (-19, -15, 195), (95, -180, 177), (204, -125, -207), (-130, 78, 235), (-51, 182, 79), (122, -95, -80), (85, -72, -167), (48, -109, -41), (-223, -25, -44), (248, -51, -81), (-141, 57, -2), (208, -207, -50), (41, 15, -63), (48, -242, -232), (240, 196, -32), (-227, -163, -23), (207, -90, 102), (210, 5, 84), (-230, -134, 95), (-193, 214, 239), (-192, -11, 173), (-109, -196, 145), (30, -161, -113), (216, 164, 83), (103, 67, 21), (102, -233, 66), (-79, 56, -250), (-82, -45, 112), (-144, -124, 208), (33, -37, -149), (-109, 230, 173), (-229, 82, -174), (179, 137, -235), (84, -225, -16), (123, 233, 235), (-211, 144, 92), (-2, 46, -177), (115, -202, -119), (241, 75, 174), (-205, 238, -105), (-53, 219, 34), (-239, 103, -148), (147, -143, 123), (-214, -232, 188), (10, -193, 41), (6, 185, 18), (141, -68, -222), (209, -129, -143), (-194, -108, 116), (-184, 5, -46), (23, -125, -113), (-159, 54, -8), (130, -50, 119), (156, -74, 120), (-124, 139, -119), (-97, -134, 112), (-150, -82, -79), (148, 91, 219), (-30, 19, -172), (-13, 164, -15), (-119, -179, -11), (5, -38, -15), (-4, 94, -66), (-71, 140, -198), (-119, -51, -151), (9, 50, 162), (-203, 35, 88), (192, 122, -127), (-187, -164, -126), (121, -25, -215), (-5, -167, -196), (216, 138, -11), (-86, 46, 250), (199, 239, -8), (-238, 244, 188), (98, -19, -11), (19, -151, -83), (-158, 40, 232), (1, 200, -23), (171, -11, -139), (-203, 60, 173), (-160, -122, -8), (-179, -58, 1), (-194, -216, -202), (-111, 144, -237), (153, -206, 9), (-182, 79, -233), (-150, -249, -191), (153, 102, 121), (79, -178, -239), (14, -79, 196), (133, 84, 193), (-248, 173, -13), (-93, 225, 22), (58, -158, -16), (-36, 236, -20), (96, 140, 7), (53, -2, 202), (235, -32, 249), (94, 53, -234), (50, 134, -191), (-243, -211, 88), (-28, 52, 94), (3, 101, 65), (78, 200, -112), (-16, -108, -93), (-154, -169, 242), (-196, 220, -177), (-177, 187, 24), (5, 242, -195), (81, 157, -247), (-191, -3, 123), (-16, 115, 10), (-152, -217, 33), (-7, -149, 67), (105, 45, 23), (-55, -23, 109), (-217, -220, -144), (73, -63, 149), (-180, -245, -191), (-113, -50, 199), (242, -205, 52), (129, 98, -226), (205, 146, -200), (145, -180, -182), (-240, -39, 176), (217, 166, -31), (-24, -144, 9), (137, -120, -228), (-24, -117, 158)]
out:     (True, 0, [1, -1, -1, -1, 1, -1, 1, -1, -1, -1, 1, 1, -1, -1, 1, 1, -1, 1, -1, 1, -1, -1, -1, 1, -1, -1, -1, -1, -1, 1, -1, -1, -1, -1, -1, 1, 1, -1, -1, -1, 1, -1, 1, -1, -1, -1, 1, 1, -1, 1, -1, -1, -1, 1, 1, 1, -1, 1, -1, 1, 1, -1, 1, -1, -1, 1, 1, -1, -1, -1, -1, -1, 1, 1, -1, 1, -1, -1, 1, 1, -1, -1, 1, 1, 1, 1, 1, 1, -1, 1, -1, 1, -1, 1, 1, 1, -1, 1, 1, 1, -1, -1, 1, 1, 1, 1, -1, 1, 1, 1, -1, -1, 1, 1, 1, -1, 1, -1, 1, 1, 1, 1, -1, 1, -1, 1, 1, 1, -1, -1, 1, 1, -1, 1, -1, 1, 1, 1, 1, -1, -1, 1, 1, -1, 1, 1, -1, 1, -1, 1, -1, 1, -1, 1, 1, -1, 1, -1, -1, 1, -1, -1, -1, 1, 1, -1, -1, 1, 1, 1, 1, 1, 1, 1, -1, 1, 1, -1, -1, 1, 1, 1, -1, -1, -1, -1, -1, 1, -1, -1, -1, 1, -1, 1, -1, -1, 1, 1, 1, -1, -1, -1, -1, 1, -1, -1, 1, -1, 1, -1, -1, 1, -1, -1, -1, -1, -1, -1, -1, 1, -1, 1, -1, -1, -1, 1, -1, 1, -1, 1, 1, 1, 1, 1, -1, 1, -1, -1, 1, 1, -1, 1, -1, 1, -1, 1, 1, 1, -1, 1], 0.0)
time:    0.0019941329956054688
 
soubor:  uuf250-0100.cnf
clauses: [(58, 73, 42), (225, 25, -35), (-24, -39, -148), (-73, 52, 66), (204, 87, 168), (-130, 161, -172), (230, 237, 12), (171, 76, -86), (59, -95, 39), (-242, 181, -143), (-9, 162, -157), (-167, 62, -156), (225, 247, 34), (48, -123, -151), (143, -239, 58), (-31, 157, 250), (107, -2, -144), (221, -154, 217), (-60, 12, -154), (-88, 240, 140), (-234, -56, 194), (-67, 101, -31), (-180, 83, 114), (177, 146, -90), (232, 193, -178), (159, 72, 8), (-131, 121, -102), (-121, -11, -48), (-63, -84, -29), (89, 147, -77), (-218, 176, 235), (227, 157, -161), (43, -189, -2), (224, -236, -242), (-137, -227, 53), (127, -211, 246), (150, -163, -179), (52, 34, 185), (-212, 98, -93), (-110, -237, -206), (-233, -76, 159), (-250, -86, -7), (175, 198, -30), (217, -212, 1), (-40, -25, 87), (194, -170, 112), (-196, 147, 135), (-199, 250, -228), (-132, -76, 189), (232, -175, 129), (-105, -114, -236), (-15, 161, 30), (-179, 61, -104), (134, 170, -39), (176, 34, 99), (120, -206, 133), (238, 188, 9), (-121, -15, -182), (-187, -54, -141), (-150, 52, 225), (-17, 225, -33), (247, 68, -142), (126, -205, -243), (-27, 116, 217), (109, -240, -143), (-160, -4, 224), (146, -149, -121), (16, 29, 160), (-171, 113, 204), (229, -138, 34), (120, 130, -25), (146, 217, -75), (-222, 20, 6), (-219, 198, -204), (-216, -63, 120), (20, -55, 221), (220, 43, 8), (-22, 31, 28), (130, 5, 72), (17, 152, 174), (36, 140, 235), (50, -80, 34), (-116, 170, -77), (11, 211, -139), (137, 29, -129), (76, -80, -104), (87, 208, 221), (166, 30, -243), (-69, 72, -16), (38, -112, 122), (-174, -235, 189), (-70, -100, -50), (107, 67, 189), (-226, 193, -120), (234, -133, -65), (-190, -155, 205), (209, -208, 198), (167, 4, 165), (154, 79, 231), (227, -53, -208), (-12, -98, -93), (65, -185, 188), (110, -109, -90), (63, -117, 21), (119, -117, 142), (14, -170, 147), (87, -200, -57), (-110, 72, 108), (-142, -158, 188), (-1, -69, 195), (192, 159, -22), (211, 101, 106), (17, -235, -139), (-196, -75, 141), (-211, -238, 160), (8, -72, -213), (185, -120, -78), (-108, 154, 187), (229, 224, -195), (210, -68, 168), (-174, 230, 119), (-114, -193, 148), (144, 91, -188), (-200, -66, 189), (-74, 145, 112), (-39, 188, 64), (184, -188, -14), (116, 22, -88), (-19, -51, -240), (2, 18, 69), (198, -47, 20), (83, -138, -31), (-94, -84, 181), (106, 155, 82), (19, -114, 42), (-169, -176, 98), (32, 20, -188), (-221, -210, 239), (182, 246, -30), (38, -109, -5), (-130, 113, 158), (-27, -82, -114), (121, 114, 189), (235, -196, -75), (-155, 246, -23), (142, -204, -80), (144, -208, 211), (-236, -43, -217), (3, -137, -176), (241, -55, -130), (230, -107, 159), (-189, 49, -46), (-3, -40, -11), (200, 216, -49), (-9, 33, -4), (93, 25, -75), (-90, -22, 29), (104, -173, 123), (27, -91, 52), (24, 225, -125), (246, -206, 195), (-50, -46, -78), (34, 142, -148), (123, 171, 249), (-62, 139, 50), (130, 3, -114), (130, 79, -242), (-94, -190, 186), (-164, -95, -227), (-184, -244, -128), (-27, -47, -188), (55, 12, 47), (-198, -165, 35), (-188, -69, 101), (154, -164, -27), (-218, 174, 240), (-123, -119, -133), (14, -111, 119), (-55, 182, 92), (-188, 250, -237), (-157, -249, 56), (-18, -26, -239), (-104, 209, 13), (246, -61, 188), (-160, 153, 32), (29, -23, -61), (-205, 187, -240), (95, -192, -144), (114, -159, -210), (84, 156, -78), (-178, -80, -216), (-202, 118, -72), (126, 155, 101), (-168, -125, -173), (-53, 9, -75), (74, 51, 205), (-175, -240, 236), (156, 57, -201), (-20, 243, 88), (-111, 174, -22), (60, -128, -196), (133, 92, -224), (165, -244, 211), (-78, -20, -28), (-178, 72, 71), (94, 67, -3), (-24, 214, 12), (152, 246, 94), (-148, 188, 113), (-74, -31, -146), (19, 73, 219), (-191, -136, 13), (-53, -34, -90), (240, -44, -138), (176, -42, -21), (-223, -205, -73), (240, 166, -70), (-97, 171, -236), (137, -56, -175), (15, -83, 185), (34, 126, 74), (41, 57, 215), (62, 156, 4), (179, 229, 125), (-246, 18, 115), (50, -86, -144), (-172, 233, 17), (-219, -155, 231), (-42, -130, 52), (198, -229, 73), (-81, 207, -211), (-185, -1, -134), (26, 106, 131), (-80, 119, -212), (186, 233, 173), (133, 126, 37), (-246, -35, 117), (-105, 11, -110), (67, -97, 56), (-224, -164, 73), (226, -55, 244), (-130, 143, 128), (250, 127, -123), (46, -179, -237), (192, 181, 127), (-133, 53, 104), (220, -195, -145), (210, 190, -43), (-223, -95, 84), (173, -138, 223), (-98, -35, -101), (203, -130, 111), (13, 187, 241), (210, -242, 134), (85, -123, 218), (-106, -20, 155), (-123, 174, -194), (33, -108, 23), (48, 118, 196), (-176, 192, 244), (89, 133, 18), (-168, 27, -26), (-183, -79, -54), (-18, 214, 48), (-239, -230, -57), (95, 51, -53), (-193, -14, -184), (-165, 97, -59), (-147, 70, -188), (60, 22, -222), (37, -97, 235), (-246, 151, 94), (-158, 33, -103), (-191, 147, 225), (120, 150, 29), (26, -53, 128), (-90, 137, 236), (190, -223, -138), (-197, 130, 35), (-179, -128, 25), (237, 245, -94), (-200, 94, -122), (-41, 217, 159), (66, -206, -227), (-225, 55, 112), (-41, 248, 75), (-119, -62, -172), (176, -37, -165), (-181, -30, 129), (141, 104, 60), (-84, 144, -69), (-237, -146, -242), (107, -61, -26), (196, -75, -20), (-79, 123, 3), (209, 208, 249), (-208, 102, 171), (-188, 117, -213), (-83, 86, 223), (236, 190, -125), (83, -22, 229), (68, -240, -176), (-204, 116, 98), (119, -87, 194), (213, 229, 200), (67, 186, -36), (-50, -113, -163), (207, -82, 28), (163, -117, 118), (117, 170, -90), (80, 73, -128), (-39, -168, -36), (-113, -99, -246), (171, -65, 111), (-149, 37, -238), (180, 182, -67), (230, 85, -102), (-179, 149, -93), (168, -210, -59), (97, -146, 15), (-79, 62, 48), (-80, 98, -179), (176, -41, -113), (13, -133, 111), (49, 8, -3), (-180, 170, 198), (73, 145, 164), (216, 2, 67), (230, 32, 164), (-197, -151, -83), (85, 144, -94), (98, -194, -52), (37, -161, -129), (135, 219, 180), (-124, -6, -182), (130, -40, -223), (-170, 106, 182), (218, -212, 187), (206, -170, 14), (128, -234, 226), (-213, 229, 161), (-65, -220, -178), (-55, -118, -190), (76, -144, 60), (134, 25, -22), (-231, 71, -189), (-214, 71, 209), (119, 121, -226), (198, 188, -58), (45, 160, 229), (-28, -250, -156), (-205, -104, 232), (-21, -114, 169), (-160, -119, -218), (-171, -154, -150), (-14, 172, 141), (185, -166, 34), (118, -23, 249), (-23, -62, -247), (160, 108, 144), (-44, 108, 237), (237, 22, 214), (101, 236, 146), (128, 122, 151), (115, 21, 195), (74, 123, -147), (109, 45, 6), (195, 165, -110), (179, 141, -80), (166, -130, 211), (149, 211, -162), (29, -130, 14), (158, -146, 242), (227, -164, -145), (-246, 158, -39), (-245, -167, -137), (-126, 240, -38), (-216, -181, 134), (211, -175, 33), (16, -227, -183), (230, 178, 117), (24, 211, 67), (-50, 65, -21), (52, 233, 145), (109, -104, 102), (242, 137, 213), (186, 27, 7), (93, 136, -171), (-83, -121, 175), (-101, 63, 117), (-237, -96, -161), (246, -140, 190), (108, 235, -163), (-220, -180, 102), (158, -7, -119), (-49, -196, 69), (123, -141, 162), (88, 250, -39), (232, -247, -66), (139, 49, -228), (231, 122, 133), (-71, 203, 168), (36, 103, 59), (210, -84, -83), (-246, 55, 23), (160, 42, 218), (-70, -161, 1), (47, 178, -118), (192, -212, -53), (248, -233, 23), (-116, -126, -84), (-228, 127, -133), (12, -196, -15), (58, -160, 37), (79, 128, 29), (215, 199, -239), (180, 85, 81), (-210, -61, -45), (-209, 236, 152), (1, -146, 176), (-142, 210, 208), (-85, -187, -148), (15, -209, -8), (-52, -142, -171), (-1, -138, -134), (-185, -59, 88), (205, -24, 32), (50, 204, -240), (-243, 64, -65), (152, -17, 90), (164, 127, 66), (-96, 223, -28), (-158, -126, -170), (-70, 176, 244), (-87, 241, -27), (-184, -189, 96), (2, -36, -86), (-246, -70, -36), (96, -36, -144), (-100, -7, -223), (-95, 116, -187), (-53, -116, 161), (50, 141, 143), (-54, -151, 144), (-180, -90, 71), (150, -60, -120), (212, -53, -99), (196, 241, -135), (196, 129, 90), (-154, -6, -168), (227, -57, -193), (-79, -105, -246), (172, 173, 177), (245, 207, -131), (163, -200, 211), (-213, -151, 175), (99, 76, -172), (-30, -175, 72), (208, 225, 39), (43, 220, -35), (122, -13, 109), (113, 17, -181), (183, 139, 108), (87, -52, 63), (-210, -182, -91), (204, 57, 153), (168, -216, -88), (-32, -183, -86), (228, -23, 232), (160, 108, -51), (141, 56, -43), (-115, -36, 110), (-149, 165, -42), (-163, 32, -250), (14, -231, 5), (51, -122, 162), (238, -30, -66), (-206, 129, -114), (-225, -26, 200), (121, -183, -2), (-232, -48, 105), (-173, -129, 49), (187, -181, 159), (-219, -152, -46), (-189, 247, -148), (173, -103, 193), (47, -168, -212), (125, -93, 118), (54, 112, 197), (-64, -218, -69), (105, 81, 42), (131, -154, 205), (-29, -123, 202), (-191, 209, -205), (210, 120, 202), (218, -186, 190), (-46, -114, -200), (109, -235, -71), (154, -73, -185), (93, -170, -112), (154, -165, 127), (139, -218, -223), (36, -76, 164), (83, -39, 117), (9, 241, -246), (-62, 188, 108), (48, 168, -248), (200, -42, -41), (158, -231, 214), (-102, -8, 98), (-189, 73, -148), (176, -20, -196), (-67, 180, -8), (-196, -69, 190), (202, -32, -138), (-18, 241, 76), (70, -113, 178), (-160, -205, 248), (83, 116, 172), (-63, 11, 134), (-129, 107, -43), (-207, 71, -248), (-202, -246, 90), (-52, 245, -124), (-75, 79, 194), (10, 158, -140), (-187, -68, 212), (-69, 153, -43), (167, -153, -201), (-224, -200, 47), (201, -169, 234), (-231, 157, 162), (239, 159, 16), (-237, 233, -20), (-155, -247, 95), (27, -115, -171), (104, -185, -48), (-128, -114, 46), (10, 132, 95), (173, -224, 114), (-20, -200, 142), (-81, 63, -30), (15, 206, -19), (173, -108, 45), (-134, 59, 87), (-24, 95, -211), (12, -116, 232), (-197, 8, 15), (-129, 242, 221), (38, -142, -165), (135, 163, 84), (-15, -89, -234), (57, 77, 235), (-184, 171, 45), (-10, 132, 194), (-164, -141, 244), (116, -2, 160), (76, -55, -117), (-113, -60, -80), (-210, -224, 56), (-234, 61, -203), (-49, 172, -191), (248, -96, 242), (24, -19, -177), (27, 135, 113), (145, -21, -70), (-37, 47, 49), (-164, 3, 165), (-23, -141, 88), (-89, 19, -148), (211, 246, -206), (-157, 129, 250), (-24, -19, 7), (8, -198, 14), (109, -236, -26), (-191, -147, -122), (100, 84, -93), (105, 63, -216), (-235, 8, -88), (6, -212, -220), (157, 158, -53), (244, 154, 64), (-34, -107, -165), (-140, -203, 172), (-211, -207, -236), (-86, -145, -111), (-118, 167, 68), (-33, 35, -177), (111, -173, 98), (58, 110, -6), (246, 126, 137), (21, 131, -226), (158, 94, 13), (229, -151, 220), (-125, 241, 229), (123, -30, -144), (69, -156, 37), (23, -150, -191), (82, 213, 131), (-170, 163, 54), (167, -165, 117), (217, 244, -157), (100, 61, 50), (-20, -177, 245), (213, 147, -196), (-104, 211, 154), (-222, -238, 71), (28, -90, 169), (110, 150, -190), (138, 13, 63), (-72, 133, 68), (52, -74, 76), (-231, 230, 155), (162, 167, -185), (18, -158, 248), (187, 63, 160), (-92, -88, 86), (-232, 190, 18), (172, 250, 241), (91, -119, -169), (115, -135, 222), (36, -230, 96), (-159, 128, 246), (-2, 186, -84), (-3, -133, -52), (82, 86, 134), (-61, 145, -1), (-212, 175, 24), (41, 102, 223), (58, 96, 147), (-110, -99, 203), (15, 212, -206), (-162, 80, -145), (-223, -78, -98), (209, 10, 37), (-223, -228, 152), (-236, 235, -15), (162, 163, -213), (-52, 71, 77), (-90, 225, -38), (179, -53, 134), (-133, -213, 89), (-30, 65, 1), (241, 173, -170), (-96, 161, -160), (-40, 215, 42), (26, 178, -231), (-203, 104, 199), (-53, -85, 243), (156, -248, 225), (55, 170, 225), (115, -119, 197), (-230, -186, -125), (-248, -192, -54), (54, -69, 203), (38, 189, 3), (-31, -150, -214), (248, -225, 132), (-91, -150, 212), (99, -193, 192), (-135, 8, 14), (-233, 49, -198), (142, -23, 167), (43, -235, 219), (128, 228, 51), (-144, 163, 29), (-205, -32, 96), (94, -119, 144), (80, -185, -24), (-157, -66, -130), (229, -28, 70), (-54, 139, -151), (-20, -134, -248), (-202, 224, 73), (128, -178, -76), (-164, 114, -237), (103, 174, 60), (-131, 92, -234), (17, -207, 101), (-100, 60, -50), (134, -230, -50), (42, 65, -93), (-202, 199, 7), (-63, -93, -217), (35, -31, 208), (20, -89, -3), (239, 2, 29), (247, -55, 44), (-14, -52, -213), (129, 249, -174), (110, -103, -217), (77, -161, 178), (-201, -240, 86), (115, -5, 126), (-220, -114, -88), (-22, -60, -24), (165, 248, 107), (-123, 54, 89), (-33, -163, 85), (248, 209, -183), (7, 124, 192), (227, 28, -111), (183, -243, 18), (-102, -233, -228), (-6, -139, 176), (71, 230, 152), (-125, 236, -41), (-199, 2, 153), (31, 125, -86), (-226, 67, 115), (180, 76, 68), (-96, -212, -64), (-47, 146, -134), (-53, -142, 32), (-115, 126, -159), (-68, 207, 239), (213, 133, -38), (158, 66, -130), (-198, -67, 132), (71, -158, -229), (118, -142, -131), (-216, 62, -243), (-149, -146, 107), (138, -227, 228), (-187, 3, 166), (-57, -170, -242), (-143, -138, 232), (-113, -27, 209), (65, -104, 96), (-51, 157, 30), (67, 129, -1), (-228, 208, -61), (-23, -206, -216), (-100, 240, 36), (224, 83, -162), (86, -116, -112), (9, 151, -135), (-8, 133, 184), (-156, -214, -98), (198, -133, 211), (-92, 222, 125), (130, -67, 198), (-243, 144, 190), (-34, -23, -17), (-10, 161, -59), (230, 112, -166), (152, -195, -39), (157, -201, -68), (-150, 160, -207), (-92, 50, 82), (94, 1, 213), (232, 6, -221), (195, 12, 131), (-197, -7, -166), (-74, -14, 7), (-6, 7, -27), (-245, 247, -137), (145, -212, 3), (-31, 170, 117), (-153, 147, -52), (-186, 57, -221), (-93, -19, -233), (-220, -129, -211), (-82, -184, -104), (237, -33, 73), (-3, 127, -181), (-210, -180, -225), (-192, 129, -87), (-86, -183, 173), (-115, -117, 85), (-62, -158, -153), (-198, 92, 170), (-130, -226, 206), (-206, -213, 239), (180, -17, -236), (-40, 16, -48), (182, -206, 22), (-178, -8, -31), (-190, 179, 121), (47, -236, -39), (-172, -40, 8), (-149, 163, 221), (226, 191, 105), (164, -13, 7), (58, 237, 48), (89, -190, 86), (112, -59, -229), (179, -204, 182), (112, -123, -19), (-180, 215, -196), (23, -149, 153), (-175, -106, 121), (144, -117, 52), (81, -12, 134), (57, 59, 5), (216, -58, -214), (181, -90, 65), (-149, -136, 118), (211, -41, -29), (-134, -196, 217), (-204, 163, -59), (-127, 211, 65), (193, -159, 61), (-70, 193, 108), (-47, -27, -232), (139, -137, 42), (183, -128, -81), (-67, -47, -80), (206, -226, 175), (79, 184, 33), (42, 8, 144), (-99, 247, 188), (-67, 187, 123), (128, 20, -4), (59, -162, -75), (-99, 13, 201), (-52, 195, -11), (-65, 190, -68), (-216, 213, -151), (-111, -74, 146), (129, -14, 80), (57, 169, -105), (112, 231, -53), (-15, 29, 85), (94, 119, 215), (-157, 48, -210), (-80, -110, -102), (-170, 17, -124), (-157, 80, 219), (60, -156, -131), (104, 91, 212), (247, 157, 125), (242, -10, 48), (56, -139, 192), (-37, -189, 161), (83, -67, 185), (-59, -126, 168), (214, 216, -18), (123, -136, 139), (-70, 196, -207), (74, -196, 235), (-21, -49, -241), (-196, 180, -214), (-79, 146, 101), (-213, 1, -75), (16, 60, 228), (-45, 99, 83), (-178, -26, -227), (-104, -60, -133), (-73, 166, 188), (140, -124, -112), (210, -193, 9), (90, -102, 114), (-54, 97, 155), (123, 124, -23), (-112, 161, -4), (-134, 239, 94), (231, -121, 120), (190, -241, 209), (-201, 49, -133), (105, -221, 64), (10, -78, 80), (-121, 201, -232), (103, 235, 159), (-71, 29, -133), (-106, -212, 170), (223, -233, -92), (-196, -154, 183), (39, 183, 10), (170, 38, -226), (-229, 145, 179), (160, -82, 68), (-202, 102, 174), (-236, -77, 54), (88, -96, -101), (-31, 198, -35), (44, 5, -225), (132, 207, 233), (-177, 78, 97), (-43, -160, 119), (33, -3, -34), (-211, 6, -134), (66, 250, -96), (-68, -231, 15), (187, -3, -246), (-141, -178, -221), (-54, -206, 189), (-77, 205, 56), (111, -70, 90), (-212, -170, -52), (-175, 115, 124), (79, 93, -74), (-74, 107, -168), (239, 140, -240), (-128, -226, 143), (-126, 108, 230), (-118, 82, -111), (155, 172, 247), (-243, 39, -167), (205, -244, 157), (-212, 48, -198), (210, 164, -32), (-211, 10, 52), (-234, 74, 140), (-81, 10, -250), (77, 68, 220), (224, 219, 181), (-135, -249, -45), (-37, 189, 199), (-183, -169, 13), (105, 232, -186), (91, -230, -163), (57, 119, -200), (-226, 91, -94), (-178, -200, 101), (-59, 237, -238), (189, -152, -223), (53, 229, -75), (157, -55, -220), (183, 158, 187), (38, -156, 55), (-19, -88, -17), (197, -241, -168), (151, -150, 52), (107, 82, 189), (-112, -152, 192), (32, -196, 178), (-237, -133, 108), (-150, -55, -250), (232, 31, -170), (186, -248, -147), (-133, 120, 165), (166, 188, -139), (-219, 146, -238), (152, -101, -119), (-27, -110, -211), (160, 94, 5), (-106, 190, 247), (-233, -228, 234), (-107, 49, 154), (-189, 146, -188), (35, 229, 242), (98, -159, -205), (-182, 135, 191), (218, -212, 136), (-199, 126, -152), (35, 60, 199), (-42, 196, 160), (-209, -222, 197), (237, -105, -13), (128, 174, 74), (-250, 94, 159), (200, -162, -203), (172, 116, 215), (-169, 1, -206), (-130, 1, -104), (-53, -30, -7), (-218, 177, -38), (-162, 207, 60), (-227, -244, -76), (-112, 55, -199), (-129, 60, -9), (12, -238, -162), (244, -69, -154), (-128, 171, -223), (151, -214, -201), (79, -58, 18), (-72, 206, -26), (180, 248, -1), (62, -179, -116), (-181, -31, 182), (89, 209, 169), (-145, 116, 68), (103, 28, 70), (-49, -172, -165), (136, 210, -64), (-105, 48, -94), (106, 207, 24), (-130, -82, 165), (-32, 114, 84), (-79, -204, 222), (-68, 75, -108), (-117, -142, -156), (-236, 48, -43), (186, 63, -98), (31, -88, 120), (-63, -47, -164), (120, -75, 91), (236, 201, 56), (12, 36, -149), (-26, 85, -244), (-235, 149, -21), (-98, -187, 53), (197, -198, 219), (-89, 237, -105), (-144, 121, 244), (-111, -1, 228), (-109, -246, -233), (-179, -131, 142), (217, -221, -104), (-231, -101, 70), (54, -98, -86), (78, -87, -230), (-5, 177, -44), (13, 40, 148), (-65, 91, -205), (220, -119, 40), (39, 228, 104), (-182, -43, 28), (152, 202, 140), (153, 132, -91), (50, 236, -24), (-106, 78, -153), (61, 27, -233), (188, -153, -124), (-78, -105, 73), (74, 11, 98), (-205, 191, 174), (225, 63, 97), (250, -218, 141), (155, -23, -154), (-147, 246, -66), (-15, -50, -119), (-52, -188, 218), (166, -249, -57), (231, -191, 42), (-200, 171, 99), (-208, 65, 146), (198, -217, 18), (12, 215, -48), (-206, 22, 156), (-32, -24, 250), (157, 174, 80), (103, 16, 75), (-170, -123, 6), (183, -147, -68), (-167, 176, -165), (182, 213, 54), (-120, -118, -138), (-236, 157, 122), (37, -56, 209), (-245, -60, 28), (40, -158, 45), (215, -40, -177), (-102, -219, -71), (-36, 246, -250), (97, 94, -203), (208, -42, 87), (-62, -100, 45), (-153, 54, -247), (-168, 64, 202), (61, 155, -144), (191, -237, 188), (34, 51, 172), (107, -192, -178), (59, -82, 18), (-60, 59, 231), (100, 13, -246), (110, -73, 35), (154, 7, -15), (36, -168, 11), (129, -238, -68), (119, 41, -152), (-99, -187, -14), (-207, -121, 171)]
out:     (True, 0, [1, -1, -1, -1, -1, -1, -1, -1, -1, 1, -1, 1, 1, -1, 1, 1, 1, 1, -1, -1, 1, -1, -1, -1, -1, -1, -1, -1, -1, 1, -1, -1, 1, 1, 1, 1, 1, -1, 1, 1, -1, -1, -1, -1, 1, -1, 1, 1, -1, 1, 1, 1, -1, 1, -1, -1, -1, -1, -1, -1, -1, 1, 1, 1, 1, 1, -1, -1, 1, 1, 1, 1, -1, -1, -1, -1, -1, 1, 1, -1, -1, -1, 1, -1, -1, -1, 1, -1, 1, 1, -1, -1, 1, -1, -1, -1, 1, 1, -1, -1, 1, 1, -1, 1, 1, 1, 1, 1, 1, 1, 1, -1, -1, 1, 1, -1, 1, 1, 1, -1, -1, 1, 1, -1, 1, -1, -1, -1, 1, -1, 1, 1, -1, 1, -1, -1, -1, 1, 1, 1, -1, 1, -1, 1, -1, -1, -1, -1, -1, 1, 1, -1, 1, 1, 1, 1, -1, 1, -1, -1, 1, 1, -1, -1, -1, -1, -1, -1, -1, -1, -1, -1, -1, -1, 1, 1, -1, -1, -1, 1, -1, -1, -1, 1, 1, -1, 1, -1, -1, 1, 1, 1, -1, -1, -1, 1, -1, 1, -1, 1, -1, 1, -1, 1, -1, 1, 1, -1, 1, 1, -1, -1, -1, -1, -1, 1, -1, 1, 1, -1, -1, -1, -1, -1, 1, 1, -1, 1, -1, 1, 1, 1, 1, -1, -1, 1, 1, -1, -1, -1, 1, -1, -1, 1, -1, 1, -1, -1, 1, 1], 0.0)
time:    0.0020182132720947266
 
soubor:  uuf250-098.cnf
clauses: [(-88, -249, 24), (-188, -175, 8), (130, -73, 10), (-163, 15, 10), (186, -31, -238), (79, -237, -142), (-197, 68, 66), (-225, 173, 134), (246, -193, -140), (-7, -81, 225), (137, 248, -111), (-170, 47, 57), (-46, -226, 23), (-55, -205, -246), (138, -217, -221), (235, 97, -137), (-85, 44, 33), (242, 75, -8), (67, 58, -172), (-202, 139, 98), (-62, 236, 153), (-185, 165, 72), (250, 49, -175), (-225, -129, -236), (28, 143, -126), (182, 126, -112), (-112, -9, -107), (-33, -226, 211), (135, 208, 152), (-108, 131, 235), (-109, 186, -175), (162, 131, -8), (-181, 96, -209), (164, 188, 150), (-157, -165, -133), (190, -7, 73), (113, -139, 224), (104, -86, -133), (-5, -140, -123), (156, 112, -95), (-176, 192, -249), (92, 169, 115), (-102, -143, 107), (169, 210, -223), (221, 19, 38), (57, -233, 232), (-32, -73, -207), (167, -238, 139), (106, -141, -54), (5, -151, -186), (83, 23, -226), (102, 110, -29), (-55, -173, 154), (37, -50, -15), (-7, -133, 97), (-185, 7, -85), (-116, -173, 23), (-60, -35, -200), (87, 15, 195), (-47, 112, -204), (205, -238, -135), (-201, -13, 129), (-1, -217, 144), (96, 17, -135), (112, 165, -101), (193, 12, 142), (-34, -1, -52), (-21, -225, 176), (-35, 21, -121), (159, -172, -153), (164, 180, 221), (-95, -41, -22), (106, -223, -220), (137, 171, -166), (-246, 249, -148), (108, -173, 64), (99, -74, 112), (115, 77, -36), (-230, 245, -93), (122, -247, -181), (-154, 3, 112), (-38, 180, -164), (-212, -165, 211), (169, 229, 63), (193, 246, -61), (-64, -169, 209), (-16, 173, 219), (64, 32, -183), (-93, -198, 159), (219, 151, 29), (-236, 88, 212), (-234, -29, 18), (-220, 21, -120), (-83, 137, 96), (25, 10, -205), (96, -25, 67), (-153, -202, 108), (-9, 124, -86), (28, 108, 17), (-177, -124, 68), (-110, 22, 131), (6, -231, -52), (179, 160, 79), (-145, -65, 213), (219, -115, 185), (143, 105, -132), (-123, -38, 190), (-130, 79, 250), (64, -237, 102), (87, -117, -154), (132, 46, 4), (-224, 192, -73), (3, -246, -52), (-40, 18, 132), (181, -130, 146), (-233, 33, -94), (21, -20, -104), (66, -185, -215), (-12, 227, -187), (173, -48, 108), (-118, 115, 41), (-124, -122, 106), (-196, -31, -222), (79, 160, 135), (244, 226, -50), (-110, 162, -46), (236, -246, -17), (128, 168, -12), (-8, -157, 70), (-145, 166, -98), (126, -54, 172), (11, -172, 84), (228, -61, -77), (-84, -45, -55), (121, -132, -25), (191, 24, -221), (179, -58, -68), (-78, -136, -22), (-140, 46, -204), (-122, -142, -51), (64, 147, 222), (-181, -187, -78), (-209, -26, 121), (140, 69, -129), (14, 135, -42), (-13, -95, -145), (4, 59, 89), (-67, -16, -64), (-21, -136, 62), (49, 243, -210), (-89, 70, -86), (-136, -58, 23), (12, -206, 96), (-68, 164, -228), (-204, -110, 200), (-155, 38, -77), (-204, -156, 189), (-56, -142, -34), (-243, -34, -90), (-178, 117, -11), (-134, -185, 249), (91, 129, 175), (-107, 161, -197), (-66, 55, 197), (56, 202, 226), (26, -212, 192), (-44, 12, 245), (-23, 147, 9), (132, 102, -125), (-188, -62, -101), (170, -153, 141), (-227, -220, 73), (69, -211, 10), (148, -61, -147), (171, -77, 214), (201, 159, -244), (-153, -246, 141), (89, 35, -39), (144, 10, -29), (-193, -203, -244), (-248, 175, -142), (161, -169, 156), (-129, 233, 156), (-135, 224, 28), (80, 206, -11), (-56, 109, -159), (108, 11, -93), (135, 191, 219), (59, -241, 22), (-144, 233, 240), (139, 112, 211), (221, -167, -71), (49, 65, -72), (66, -164, 170), (122, 143, 56), (-213, -185, 224), (234, 203, -200), (186, 64, 196), (185, -147, -215), (-177, -105, 233), (179, 86, 68), (-86, 20, -51), (74, -99, -126), (16, 76, 141), (47, -164, 208), (-123, -58, 195), (42, -245, 32), (-23, 207, 165), (-75, -53, -171), (69, -219, 143), (136, 120, -79), (93, -102, 232), (191, 217, 72), (200, -190, 161), (-99, -223, 51), (12, -135, -167), (78, -58, 80), (-174, -122, 240), (103, 178, -44), (-96, -146, -171), (193, -149, 55), (-87, -67, 77), (-190, 50, 130), (32, -148, 35), (-23, -6, 227), (-114, -93, 12), (187, -40, -68), (-22, 145, 244), (8, -105, 185), (124, -203, 101), (-214, -9, 94), (226, -114, 86), (-237, 148, 185), (-18, 57, 113), (-48, 222, -245), (-149, 35, 150), (38, 237, 190), (164, -16, 214), (-107, -13, -69), (11, -12, -139), (147, 58, 245), (122, -88, 241), (126, -125, 37), (-102, 79, 45), (-87, 59, -22), (-185, 211, 238), (-185, -127, 125), (-196, -63, -210), (14, -4, 12), (68, -10, -118), (19, 170, -142), (-45, -34, -24), (-5, -155, -23), (-147, -150, 178), (217, 25, 110), (-15, 133, 157), (184, 148, 78), (107, -11, -60), (217, 47, 162), (-91, -30, -122), (189, -25, 231), (-149, -98, 242), (14, -57, 109), (-58, -94, 53), (232, -59, -86), (70, 171, -3), (-145, -165, -14), (234, -154, -20), (-97, 35, -240), (205, 235, -16), (19, -158, -168), (-188, -104, -97), (-164, 222, 141), (79, 160, -152), (27, 13, -140), (-39, 71, 136), (-140, -29, -197), (224, 143, -158), (-231, -155, -130), (-37, 249, 199), (154, 80, -72), (133, -176, -192), (-15, -135, -63), (143, 230, 43), (-209, 148, 14), (-159, 228, -134), (144, -149, 95), (5, -244, -141), (-206, 58, -119), (14, -38, -127), (-81, 103, -178), (-133, 226, 93), (234, -66, -64), (-14, 89, 38), (-112, -100, 154), (189, -207, 201), (-61, 54, 10), (224, -15, 136), (17, 152, -107), (170, -145, -44), (172, -71, 127), (-157, -248, -101), (236, -124, 146), (-139, -178, -185), (-189, -151, -112), (152, 147, 65), (-75, 175, -249), (-56, -77, -22), (-235, 87, 110), (-137, 22, -241), (242, -155, -112), (59, -7, -55), (-206, -237, -223), (160, 172, 8), (109, -227, 111), (-65, 217, -19), (56, -82, -207), (-7, 95, 125), (-150, 233, 235), (247, -111, 52), (-222, -25, 244), (-190, 7, -99), (-33, 124, -83), (-220, -2, -137), (29, 156, -248), (106, -235, -233), (-116, 163, 190), (201, -91, 180), (188, -218, -35), (-212, 200, 99), (-168, -135, 96), (83, 99, 232), (79, 13, -130), (41, 233, 96), (-19, -216, -117), (146, 129, -75), (-128, 210, -125), (-228, 34, -44), (27, 62, 17), (-120, 137, -248), (215, 10, -121), (182, -191, -57), (58, 246, -13), (-70, 136, -200), (40, 141, -231), (241, 15, 93), (211, 1, -15), (-237, -139, 221), (-184, -2, -181), (116, -213, 75), (-68, 228, -94), (-233, -218, -163), (-224, -221, 132), (-239, 154, -65), (-104, -153, -199), (7, -66, -165), (-13, -208, 139), (168, 178, 94), (-113, 111, 218), (164, 133, -158), (-50, -67, -221), (136, 180, 153), (-147, 23, -35), (55, 184, 17), (-28, -24, -179), (91, -185, -56), (-6, 34, 153), (16, -205, 29), (-207, 1, -34), (-20, -52, 167), (-188, -77, -237), (217, 144, -169), (-126, 68, -182), (5, 75, -128), (181, 67, -203), (-149, -204, -15), (-20, 163, 46), (166, 157, 165), (225, 66, -107), (-3, -33, -221), (-144, -28, -190), (61, 182, 49), (204, -36, 238), (152, -107, -114), (-163, -212, -250), (120, -61, 156), (-195, -29, 250), (74, -89, 157), (-111, 109, 146), (-191, -30, -67), (-68, 32, 45), (-42, -36, 29), (-16, 69, 165), (-82, 4, -249), (-228, -175, -128), (172, -203, -169), (48, -7, -3), (180, -199, 233), (119, -3, -93), (-56, 179, 126), (129, 241, -238), (8, -52, -210), (-174, -58, 91), (246, -21, -14), (-40, 193, -143), (-200, 4, -203), (140, 58, -7), (241, -242, 193), (92, -145, 116), (-69, -23, 195), (173, 137, 73), (81, 214, -181), (-222, -52, -241), (9, 224, 33), (127, 146, -38), (-141, -30, -112), (87, 235, -149), (17, -43, -12), (-146, 217, -118), (-194, 217, -91), (206, -180, -227), (-3, -230, -116), (112, 14, -230), (-18, 167, -153), (-79, 39, -210), (117, 225, 178), (225, -46, 51), (26, -59, 62), (192, 199, 250), (88, 162, -132), (-46, 198, -126), (44, 15, -213), (-143, -130, -218), (38, -77, -98), (131, 9, -92), (163, 102, -120), (-206, -119, 175), (79, 106, 158), (196, -97, 120), (223, 14, 49), (236, -188, 206), (-15, 182, 149), (-217, 180, -124), (-171, 124, 36), (-187, 20, -124), (236, -233, -184), (104, -141, -113), (-8, -172, -191), (48, 68, 91), (158, -218, -118), (-9, 203, 146), (156, -146, -246), (-242, 196, 159), (-150, -125, -123), (-88, -115, 122), (118, 155, 41), (118, 3, -228), (101, -12, -111), (-64, 94, 63), (-91, -172, 135), (50, 245, 186), (-173, -126, 35), (-66, 89, 67), (-115, 161, -104), (197, -188, -109), (112, 199, -230), (79, 212, 112), (-169, 178, 189), (246, -219, 197), (-37, -93, -231), (130, 35, 79), (-95, 160, -80), (-57, -193, -119), (-30, 174, 191), (-19, -60, 179), (-130, -84, -137), (-76, -37, -128), (-96, 50, 94), (-187, 73, -196), (-214, 68, -28), (-245, -197, 65), (-98, -230, 44), (-126, -231, -86), (-241, 131, 202), (-155, 223, -68), (-165, -109, -81), (236, 88, 215), (-66, -189, 79), (-31, 149, -154), (233, -240, -135), (185, 87, 108), (-250, 52, -185), (-63, 147, 185), (164, 78, 241), (230, 43, -66), (-112, 27, -75), (67, 42, 192), (-248, -67, -169), (25, -121, 45), (-91, 168, -147), (-144, 143, 17), (109, -180, 99), (-73, 179, -170), (208, -136, -248), (107, -242, -104), (244, 42, -28), (-67, -119, -70), (-19, -241, 179), (66, -190, 174), (250, 49, -67), (239, 46, 6), (-157, 122, 135), (-226, -55, 43), (193, 59, -215), (191, -122, 205), (-221, -213, 53), (-242, 135, 228), (-178, -87, 69), (-246, 182, -121), (116, -239, 113), (-77, -216, 51), (-235, 183, 165), (226, -237, 111), (-107, -203, 33), (219, 27, 69), (-169, 173, -29), (-248, -36, -153), (187, 224, -197), (-148, 125, 107), (11, -69, -45), (-144, 69, 63), (142, -35, -149), (-6, -133, -120), (-106, 78, 13), (230, 20, 183), (-164, -243, -150), (-90, 57, -222), (135, 107, -51), (-142, -164, 58), (-18, -106, -86), (-32, 44, 177), (118, 110, -149), (7, -232, -106), (37, 128, -78), (-161, -49, -59), (180, -30, 232), (199, -79, -111), (-96, -175, -190), (-115, 19, 53), (-146, 24, -134), (143, 199, 161), (-125, 4, 201), (-193, -196, 43), (57, -12, -43), (194, 100, -179), (208, 196, -146), (-241, -195, 205), (58, 122, -250), (-125, -60, 157), (73, -112, 210), (199, 147, 210), (-45, -5, -223), (53, 3, 23), (198, -228, 85), (-215, -218, 116), (-187, 167, -200), (-175, 55, -220), (49, -106, 167), (-97, -105, -248), (185, 173, 111), (104, -34, 245), (-18, 105, 60), (151, 51, -219), (88, -219, -231), (229, -86, -112), (-168, 239, -243), (-168, 61, 27), (90, 199, -79), (-186, -104, 170), (-105, 168, 156), (-176, 175, 30), (90, -4, -133), (-145, -71, -128), (175, -65, -248), (164, 85, 105), (-110, -228, 36), (212, 235, 126), (-23, -246, 176), (45, -144, 120), (230, -152, -185), (-197, -80, 213), (-104, 180, -93), (85, -47, -189), (-66, 242, 51), (-34, 14, -189), (-204, 44, -239), (24, 130, -138), (-59, -194, -208), (-156, -20, -146), (-245, -238, 193), (93, 158, 84), (-39, -97, 240), (88, 21, -42), (199, -174, -15), (-24, 124, -206), (7, -149, -68), (-200, -19, -238), (37, 34, -221), (74, 28, 163), (57, 146, -166), (-172, -118, 121), (130, 158, 120), (68, -133, -99), (-27, 34, 204), (-231, -178, 222), (-119, 111, -200), (-90, 229, -65), (24, -163, 43), (49, -228, -37), (78, 148, 87), (132, -162, -136), (238, -241, 214), (212, 224, -222), (8, -143, 150), (203, 223, 214), (-65, -153, 169), (-185, 221, 61), (-207, -235, 233), (102, 246, 221), (67, 243, 88), (-37, 96, -12), (25, -231, -216), (95, 85, -223), (155, 115, -207), (240, -183, 239), (-187, -249, -115), (-192, 228, 140), (145, -157, 103), (78, 139, 232), (32, 3, -29), (-40, -17, -240), (-64, 156, -171), (222, 208, 140), (-191, -153, 12), (19, -219, 27), (39, -28, 124), (-221, -245, 244), (124, -169, 14), (-137, 184, -241), (-172, -124, -146), (-56, -210, 161), (16, 208, 87), (65, -223, -204), (-166, 123, -130), (-84, -193, 108), (112, 196, -238), (-114, -140, 183), (-234, 213, -4), (133, 207, -113), (247, -196, -76), (133, 36, 163), (95, 172, 176), (58, 106, 37), (-52, -175, -35), (48, 184, 94), (91, 170, 54), (-40, -135, -33), (40, 220, 9), (-154, -84, -225), (-86, -46, -96), (197, 10, 53), (-111, 52, -228), (47, -56, -109), (105, -36, -224), (242, -60, -17), (220, -186, -197), (116, -47, 10), (233, 237, -82), (-232, -146, -249), (-176, 217, 32), (130, 23, -207), (34, 161, -189), (-71, 236, -115), (116, 58, 51), (86, -189, 241), (139, 11, 67), (-237, -120, 23), (-54, -233, 12), (74, 1, -146), (-149, 200, -97), (-184, 206, 238), (-112, -37, 192), (-161, -16, -88), (-11, -8, 223), (-64, -30, 37), (137, 103, 60), (-197, 214, 146), (244, -9, 122), (54, 191, -63), (-113, 161, -224), (3, 208, 244), (171, -28, -60), (173, -160, 166), (-100, 45, -37), (106, 184, 43), (-221, -86, -71), (61, -68, 180), (-28, 56, -6), (40, 200, 42), (209, 218, -46), (-115, -18, 213), (87, -44, 178), (113, -191, -117), (-116, -174, 167), (19, -207, 245), (-191, 72, 59), (-14, 94, -85), (2, 222, 189), (86, 206, -246), (30, -130, -201), (66, 134, -230), (-166, -51, -80), (-247, 243, 161), (9, -198, 207), (-249, 228, -199), (107, -68, 26), (-74, 108, 114), (92, 104, -98), (-4, 47, 156), (-30, -49, 83), (-121, -105, 153), (209, -15, 202), (176, 10, -162), (-232, -16, 248), (242, -7, 97), (159, 106, -199), (155, 210, 156), (165, -207, 83), (26, 212, 110), (-72, -92, 94), (-13, -75, -184), (102, -40, -144), (-80, -60, 131), (6, -162, -73), (203, -6, -13), (124, -186, -3), (-242, 249, 178), (-59, -86, 134), (51, 3, 180), (44, 71, 119), (-236, 241, 228), (125, -40, -124), (126, -233, -215), (-28, 222, 215), (-71, -139, 154), (-232, -180, 11), (-84, 43, 98), (86, -220, -4), (-12, -5, -148), (-59, -32, 130), (-233, -203, -4), (-52, -246, 213), (-170, 39, 27), (-99, 101, -9), (237, 136, -3), (-190, 80, 177), (115, 125, 85), (-134, 194, -76), (-165, -215, 16), (-143, 198, 227), (119, -3, -155), (-134, -61, 102), (6, -22, -68), (247, 96, 150), (105, 161, 57), (156, -175, 123), (-37, 104, 129), (13, -79, -37), (-14, -157, 63), (23, 242, -79), (9, -222, -71), (-105, 46, 17), (4, 197, 69), (98, -13, -99), (33, 204, -170), (-61, -66, -189), (20, -238, 177), (-69, 234, 241), (172, -165, 109), (199, 208, 243), (85, 130, -115), (154, 31, -235), (125, 135, 197), (211, -194, 179), (108, 162, -62), (149, -115, 11), (-11, 42, 52), (-209, 246, 4), (170, -71, -218), (202, 248, 92), (-144, 248, 236), (-177, 21, 166), (97, -224, -33), (124, -49, 215), (22, 99, -102), (-235, -6, -197), (95, 87, -228), (47, 161, 216), (-223, -134, 144), (-41, 247, -139), (93, 95, -5), (-247, -159, 1), (-216, 215, -226), (-26, -17, 121), (210, -244, -92), (98, 229, 45), (-18, 15, -238), (-151, 60, -134), (-212, 166, 79), (159, 102, -136), (24, -97, 86), (56, -223, -121), (-247, 60, 14), (40, -216, -224), (157, 38, -86), (26, -107, -234), (214, -204, 162), (38, 244, -130), (110, 164, -99), (-68, -188, 16), (42, 5, 205), (-215, -79, 56), (197, 201, -46), (209, -111, 83), (35, -12, 52), (150, -207, -37), (206, 196, -231), (64, 18, 94), (29, 52, -206), (225, -144, 161), (58, -94, 33), (-245, -154, 209), (-118, 229, -48), (56, -116, 192), (161, -201, -194), (-148, -34, -231), (-194, 123, -82), (-183, -216, 224), (121, -233, -177), (113, -155, 103), (-194, 125, -114), (-104, -248, -114), (-180, 83, 177), (-215, -183, 86), (-44, -108, -235), (226, 108, -86), (-81, 136, 138), (155, -250, -121), (185, 118, 116), (101, -53, -219), (-47, 176, 240), (-23, 95, -158), (198, 193, -228), (1, -209, 249), (-227, -80, 60), (77, 212, -185), (-89, 116, 43), (-224, 223, 24), (82, -41, -6), (-88, 133, -64), (157, -154, 190), (40, 59, -150), (-164, -28, -148), (-234, -62, -229), (224, -230, 18), (-15, -35, -250), (-238, -165, 28), (-61, 160, 110), (147, 80, 150), (10, 42, -22), (124, 93, 183), (92, -34, -223), (201, -231, -130), (149, -85, 56), (90, -219, -167), (-10, -120, -88), (-250, -84, 168), (192, -154, 68), (47, -112, 92), (-227, 250, 20), (-138, 121, -135), (108, 62, -210), (-113, 226, 66), (187, -94, 141), (79, 174, -51), (-113, -204, 32), (124, 36, -156), (247, 174, -165), (-91, 41, 56), (31, -148, -175), (242, 108, 195), (117, 230, -157), (211, 60, -141), (-87, -212, 36), (144, 224, -3), (60, 46, -106), (125, -185, 191), (-249, 167, -63), (-135, 128, 147), (26, -163, 63), (-26, 40, -162), (92, -168, 165), (35, 199, 37), (-32, -223, -205), (17, -169, 137), (195, 222, -158), (87, -194, 119), (-122, 10, 16), (-236, 139, -76), (165, -83, 138), (168, -107, -57), (-26, 50, 103), (-211, 173, -87), (-79, 67, -82), (124, -171, -231), (-97, -139, -249), (-62, -240, 11), (242, 94, 235), (23, 148, -131), (-2, -177, 58), (124, -34, -168), (84, -248, 120), (-157, -154, -96), (205, 5, 63), (223, 110, -42), (-59, 215, -13), (-108, 171, 197), (230, 172, -13), (240, 17, 249), (-168, 75, 216), (-189, -164, 21), (151, -247, 28), (-206, 204, 214), (-213, 19, -41), (67, -239, 218), (88, 136, -236), (-215, 237, 123), (-34, 40, 51), (21, -220, -98), (-204, 246, 157), (-244, -115, 239), (-105, -186, -62), (74, -210, -185), (203, 227, 162), (218, -242, 87), (-229, -157, -228), (43, -240, 135), (-250, -41, -21), (127, -118, -204), (-129, 135, -233), (80, -238, -52), (-7, 247, -177), (-203, 100, 185), (-201, -161, -217), (-144, 77, 18), (22, -121, -14), (-10, 185, 215), (80, 29, -165), (114, 203, 110), (-213, -250, -134), (7, -148, -46), (-239, -230, -159), (-19, 246, 13), (-133, -124, 218), (-49, -166, -72), (-107, -154, 95), (127, 163, -45), (20, 135, -207), (48, -201, 91), (-88, -241, 210), (-107, -29, -9), (16, 58, -96), (-21, -112, -97), (194, -193, 116), (78, -45, -48), (-142, 60, -248), (-83, 26, 236), (-140, 107, 190), (151, -27, 17), (-139, -28, 122), (-67, 40, 88), (-50, -75, 2), (118, 16, 18), (4, -127, 128), (-94, -75, 138), (-56, 66, -157), (-160, 83, -30), (239, 177, 206), (-108, 35, 181), (-96, 148, -193), (102, 168, 8), (-214, -220, -123), (-183, 119, -109), (193, -233, -174), (-242, 64, -126), (-125, -148, -155), (173, 119, 185), (227, -44, 184), (-225, -125, 40), (126, -240, 71), (-238, -49, -16), (109, -103, -40), (108, -125, -195), (-99, 185, 2), (-146, -208, -241), (84, 196, -212), (20, -196, -245), (-209, -97, -17), (31, 236, -161), (33, -20, -200), (-186, -69, -102), (40, -187, 136), (-177, 204, 221), (170, -138, -93), (72, -202, -236), (179, 159, -39), (220, -95, -143), (-228, -56, -91), (-56, -168, 86), (115, 70, -206), (71, 19, -88), (-66, 18, 239), (-96, 100, -174), (-134, 104, 90), (-224, -116, -157), (-108, -36, 15), (90, -212, -81), (197, -15, 53), (-43, 84, -203), (219, -27, 70), (-121, 64, -72), (200, -99, 178), (233, -125, 111), (135, -37, -145), (42, 137, -225), (-147, 133, 243), (185, -218, 101), (209, 230, -152), (131, -148, 183), (-224, -27, -238), (127, 34, -132), (-120, 186, 117), (-248, 7, 92), (-46, -206, -4), (80, -205, -15), (-67, -28, -187), (-97, -16, -124), (-76, -234, 178), (24, -179, -209), (15, 238, 145), (183, 122, -73), (-58, -167, -235), (103, 206, 204), (-33, -147, -15), (182, -189, -160)]
out:     (True, 1, [-1, -1, -1, 1, 1, 1, 1, 1, 1, -1, 1, 1, 1, 1, -1, 1, -1, -1, 1, -1, -1, 1, 1, 1, -1, 1, 1, 1, -1, 1, -1, -1, -1, -1, 1, -1, 1, 1, -1, 1, 1, 1, -1, 1, -1, -1, -1, 1, -1, 1, 1, 1, 1, 1, 1, -1, -1, -1, 1, -1, 1, 1, -1, -1, -1, -1, 1, 1, -1, 1, -1, 1, 1, 1, 1, -1, -1, -1, 1, -1, -1, -1, -1, 1, 1, -1, 1, -1, 1, 1, -1, -1, 1, -1, 1, 1, 1, -1, -1, 1, -1, 1, -1, 1, -1, 1, 1, 1, 1, 1, 1, 1, -1, -1, 1, -1, 1, -1, -1, -1, -1, -1, -1, 1, 1, 1, -1, -1, -1, -1, 1, -1, 1, 1, -1, 1, 1, -1, -1, 1, -1, -1, 1, -1, -1, 1, 1, -1, 1, 1, -1, 1, 1, 1, 1, 1, -1, -1, 1, -1, 1, -1, -1, 1, 1, 1, -1, -1, -1, 1, 1, 1, -1, -1, 1, -1, -1, 1, -1, 1, -1, 1, -1, 1, 1, 1, -1, 1, -1, 1, 1, -1, 1, 1, -1, -1, 1, -1, -1, 1, -1, 1, -1, -1, -1, -1, 1, 1, 1, -1, -1, 1, 1, -1, -1, 1, -1, -1, -1, -1, -1, -1, 1, 1, -1, -1, 1, 1, -1, 1, -1, -1, 1, 1, -1, -1, -1, 1, 1, 1, -1, -1, 1, -1, -1, 1, 1, 1, 1, -1], 0.0)
time:    0.002672910690307617
 
soubor:  uuf250-099.cnf
clauses: [(-247, -184, -41), (78, 8, -142), (-6, 51, 108), (-165, 216, -3), (-147, -119, 222), (-137, -246, -208), (117, 20, 212), (213, 130, -68), (71, -229, -109), (41, 81, -249), (-36, 140, -242), (-197, -184, 205), (-175, -155, 207), (-136, 46, -1), (125, -159, 14), (120, -206, -156), (-46, 145, 156), (78, -227, -3), (56, 106, -23), (240, 225, -51), (-19, 217, 177), (146, 124, 19), (-150, -201, 48), (-129, 40, -122), (44, 85, 197), (-65, 107, 10), (-115, -176, 212), (205, 127, 35), (-19, 157, -60), (113, -102, 240), (102, -10, -184), (-200, -115, 139), (246, -203, 243), (50, 223, -178), (14, 226, 88), (81, -136, 43), (227, 196, -157), (-231, -102, 107), (-244, 182, -34), (-157, 53, -122), (28, -137, 40), (112, -126, 233), (172, -221, 191), (89, 187, 4), (-18, 14, -97), (45, 36, -39), (121, -216, 63), (-192, -155, -24), (-206, -22, 154), (2, 161, 25), (1, -95, -68), (226, -49, 139), (91, -93, -27), (-82, -181, 231), (247, -141, 35), (54, 239, 179), (-44, 3, 156), (54, -132, 149), (40, 78, -54), (-144, 59, 84), (-12, 133, 61), (-47, -48, -91), (-8, 34, 14), (31, -154, -87), (27, -66, 208), (-182, -5, -170), (-80, -241, -221), (52, 201, 233), (-75, -137, -250), (61, 247, -239), (-55, 38, -236), (148, 109, 172), (67, -81, -65), (-146, -221, 59), (67, -192, -26), (37, -15, -169), (203, 136, 57), (238, 70, 166), (223, -14, -33), (60, 226, 106), (-218, 67, 80), (-84, -42, -204), (-225, -153, -26), (-202, -177, 158), (148, 18, 42), (-68, -71, -139), (-216, -40, -20), (-127, 154, 87), (-47, -246, -217), (21, -128, 192), (134, 199, 115), (250, -62, 111), (204, 108, -194), (81, 57, -234), (-222, 32, -91), (208, -227, 169), (144, 249, 77), (-44, 222, -165), (-225, -92, -232), (172, 110, 24), (-234, 230, 94), (-167, -196, 92), (-51, -244, 82), (140, -206, 186), (-114, 86, -185), (4, -82, -187), (191, -151, -185), (-143, -194, 128), (68, -49, -65), (78, -33, -65), (-218, 174, -245), (144, -212, 129), (213, 137, 216), (199, -178, 173), (242, 8, 125), (-220, -237, -218), (193, 35, -200), (93, -75, -81), (183, -113, 118), (197, -118, 55), (115, 145, -60), (70, 51, 234), (214, 171, -44), (204, 198, -102), (5, 192, 204), (191, 11, 86), (92, 169, 19), (75, 3, 36), (-103, 227, -68), (103, 41, -83), (-82, 56, 209), (-202, 169, 246), (86, -105, 37), (241, 77, 38), (200, -133, -113), (-232, -19, 35), (18, 137, 31), (48, 193, -166), (-146, 55, -216), (5, 63, 128), (-96, 77, 84), (242, 34, 156), (-83, -95, 206), (137, -75, 103), (-12, 1, 225), (224, -172, -123), (95, 222, 47), (-199, 113, 16), (-84, 116, 110), (33, 134, -48), (-47, 236, 65), (60, 184, -225), (-166, -249, -107), (216, -29, -14), (-122, 248, 20), (-63, -51, 17), (131, -30, 40), (-99, -52, 89), (103, 199, 62), (3, 146, 24), (53, 127, 79), (-175, -134, -78), (-54, 88, -15), (-175, 145, -196), (13, 14, -114), (-64, -87, 55), (189, 81, -192), (-229, -99, 17), (-240, -165, -203), (155, -164, 227), (197, -13, 98), (-59, 93, -85), (-180, 88, -227), (-5, 71, 132), (-171, -160, -197), (159, 125, 7), (-184, 156, -95), (113, -102, -201), (64, 3, 49), (192, 168, -28), (248, 220, -83), (14, -29, 51), (81, -75, 167), (-198, -196, 101), (77, -158, 27), (27, -243, -92), (4, 10, -216), (120, -199, -1), (-134, -178, 80), (93, 250, -203), (241, -131, -192), (-19, 244, 198), (-161, -167, -14), (46, 85, 170), (171, 161, -92), (72, 20, 75), (-202, 121, 57), (-215, -15, -22), (-221, 222, -58), (232, -16, 38), (19, -211, -86), (-158, 177, -57), (69, 40, 176), (63, -238, -73), (247, -110, 185), (-100, 202, 35), (-122, -202, 185), (89, 235, 50), (-116, 136, -55), (107, 3, -42), (-115, 136, -176), (157, 192, 172), (-102, -208, -71), (218, 87, 31), (-205, -132, 39), (-220, -37, 211), (115, -93, 223), (-122, -36, 50), (87, -154, -108), (-154, -131, -14), (-17, -96, -223), (-7, -104, -2), (71, -11, -221), (-142, -41, -60), (-132, 61, -118), (81, -19, 89), (-213, -2, 182), (148, -52, 82), (25, 63, -76), (-71, 193, 43), (181, -169, 64), (98, -184, 60), (-101, -45, 92), (218, 188, -76), (25, 92, -81), (-113, -211, 87), (234, 77, -243), (-83, -207, 184), (188, -106, 34), (-151, -173, -147), (-151, 104, 137), (45, 13, 193), (176, 139, -5), (-206, 1, -248), (-44, -164, 68), (117, 46, -162), (119, 78, 203), (109, -40, -148), (5, 105, -211), (147, 138, 215), (-195, 80, 184), (65, 189, 77), (234, -93, -233), (101, -97, -155), (-250, -79, 17), (-236, 102, -129), (43, -113, -179), (-204, 221, 74), (131, 168, 163), (-164, -19, 182), (229, -218, -190), (98, 179, 101), (7, -2, -59), (146, 69, 43), (162, -17, 81), (183, 175, -31), (-110, -130, -96), (48, -162, 145), (233, -138, 151), (-87, -108, -21), (230, 133, -142), (177, 114, -54), (165, -122, 121), (141, -211, -1), (46, -73, 54), (-33, -220, -137), (-99, -156, 5), (-110, -92, -200), (93, 41, 139), (40, -128, -196), (-97, -227, -155), (-124, -249, -40), (-207, -10, -60), (-84, -83, 1), (96, 216, -210), (-227, -155, 129), (16, -11, -28), (24, 95, -187), (42, 84, -10), (-125, -151, -85), (169, -112, -117), (66, -10, 173), (-145, -242, -38), (19, -76, -224), (186, -32, 59), (7, -142, -128), (-19, -8, 136), (42, -23, 25), (42, 17, -92), (-174, 13, -4), (248, -39, 120), (-2, 180, -68), (-170, -162, -219), (211, 32, 234), (24, -220, 73), (5, 198, 144), (185, -74, 234), (-199, 130, 15), (134, 34, 35), (-177, -109, 51), (-105, 141, 199), (52, -200, 95), (-138, 152, 185), (-156, 202, -42), (22, -245, 236), (73, 99, 14), (-42, -148, -228), (191, -70, -82), (-133, 127, -101), (52, -89, -164), (-160, 233, 8), (-201, -45, -2), (-109, -121, -4), (-90, 129, -102), (110, -105, -7), (-182, -53, -149), (42, 177, -197), (-227, -214, -248), (205, -243, -122), (-226, 43, -30), (149, -247, -225), (-200, 228, -127), (23, -247, 196), (-13, -181, 92), (58, -213, -68), (-9, -93, 131), (183, -90, 43), (-41, 8, 59), (-85, -39, -216), (201, 230, 165), (151, 75, 202), (-97, 240, -182), (201, 90, -174), (45, 160, -240), (-213, 36, -141), (-237, -205, 31), (-30, -82, -77), (127, -171, 216), (-1, -224, 201), (151, 196, 72), (248, -59, 80), (-115, -26, 146), (68, -114, -35), (74, -165, -189), (-60, 55, -117), (6, 93, -249), (149, -236, 21), (-159, 244, 121), (159, 99, 198), (-18, 182, 157), (75, -68, -95), (67, 52, -200), (-95, -5, -120), (-248, -108, 245), (-48, 222, 49), (205, 180, 50), (-70, -134, 214), (-1, -234, 211), (-213, -40, -101), (-206, 215, -17), (-114, 1, -57), (-177, -72, 22), (-232, -229, -235), (-48, 156, -207), (-116, -19, -165), (10, -41, -236), (-205, 131, 59), (-227, -3, -15), (128, -241, -113), (-34, -5, 195), (-183, -146, 162), (-156, -166, 245), (1, 117, -18), (224, 205, 203), (-13, 72, -96), (-78, 204, 127), (103, -27, -4), (-114, 242, 12), (93, 231, 43), (-137, 79, -153), (213, 113, -127), (-178, 204, 24), (76, 165, 6), (-175, -138, 243), (-49, 69, -139), (-124, 14, -36), (247, -31, -91), (35, 38, 56), (53, 49, -239), (-106, 64, 240), (-168, -139, -54), (-90, -135, -188), (-71, -191, 187), (-227, 34, 110), (-136, -185, -189), (-166, 96, -92), (127, 138, 115), (-214, 138, -211), (211, -240, 225), (-196, -90, -238), (-88, 131, 12), (159, 227, 197), (44, -4, -150), (-195, -115, 153), (-222, 130, -197), (-126, 101, -43), (-196, -188, -120), (154, 4, 163), (217, 202, 181), (-227, 92, 245), (-85, 176, -110), (-21, -8, 77), (-50, 53, 41), (-28, -74, 250), (74, 170, 211), (-77, 178, -187), (-74, -76, -6), (-187, -15, 207), (26, -5, 137), (145, 36, 249), (116, 180, 20), (52, 189, 150), (-212, 26, 130), (232, 29, 111), (-197, 199, -109), (38, -170, 143), (131, 24, 197), (145, -42, 60), (-130, 192, -92), (-63, -6, -95), (134, 239, 69), (-34, -175, -65), (14, 99, -187), (-137, -4, -88), (-125, -56, 152), (-119, -112, -91), (229, -171, 60), (188, -164, -113), (21, 125, -239), (-5, -227, 38), (9, 65, 127), (235, 230, 185), (-57, 210, -248), (-155, -105, -110), (-125, 218, -189), (177, -133, -199), (67, 217, -180), (85, -67, -161), (-68, 140, 100), (139, 157, -31), (-213, 245, 38), (112, 115, -236), (-242, 200, 62), (-147, 100, -186), (58, -166, -124), (242, 206, -187), (49, 229, -99), (31, -10, -164), (139, 59, 46), (-43, -111, -238), (108, -191, 188), (-29, 18, 33), (90, -83, -61), (-199, -63, 31), (66, 180, -195), (-35, -203, 83), (27, -25, 70), (-109, -242, -204), (-142, -193, 191), (-5, 2, 8), (-92, 90, 56), (227, -88, -78), (168, -5, -220), (-250, -65, 157), (18, -242, -95), (-128, -33, 238), (237, -184, 137), (43, 147, -36), (-227, -17, 24), (227, -225, -1), (-220, 128, -224), (-7, 48, 114), (-175, -154, 240), (-170, 143, -24), (-203, 3, -206), (145, 43, -83), (-49, -7, 192), (-4, 74, 207), (250, -203, 16), (-5, 98, 44), (-165, 197, -160), (142, 113, 166), (137, 28, -139), (-217, 20, 124), (22, 47, -117), (182, -171, -115), (-1, -59, 41), (231, 29, 92), (-41, 89, -132), (183, -92, -222), (217, -89, 149), (10, 180, 125), (-116, -77, -45), (-70, -236, 6), (125, -82, 166), (-74, -97, 160), (-38, -189, 19), (-179, 105, -190), (-141, 132, 120), (-220, 208, -100), (207, 128, 77), (-206, 137, -194), (87, -228, 37), (161, -91, 231), (-49, 206, 20), (-128, -47, 201), (-210, 119, -187), (85, -179, -213), (-221, -115, -4), (14, 193, 196), (106, -219, -84), (106, 132, -115), (-28, -119, 135), (-153, -211, 203), (147, -175, -41), (-129, 64, 100), (209, 226, -155), (-30, 45, 57), (-2, 187, -8), (52, 240, 94), (223, -211, -116), (-95, -131, -210), (-188, -234, 22), (41, 149, 241), (217, -156, -73), (-112, 220, 115), (-212, -138, 168), (-149, 74, 106), (-225, -109, 151), (49, -124, -159), (-26, 45, -126), (177, -233, -56), (217, -53, 15), (-74, -197, 191), (-228, 211, -220), (-43, -108, -198), (-87, 175, 202), (83, 235, -159), (179, 129, -77), (-216, -81, 199), (89, -10, -139), (-5, -14, 61), (-62, 238, 63), (-101, -14, 248), (166, 99, -181), (146, -122, 157), (-170, 162, 98), (59, -181, 241), (-240, -1, -90), (88, -93, 72), (166, -103, -227), (157, 57, -46), (-8, -95, 249), (-206, -246, -164), (31, -16, 207), (215, -76, -39), (-194, 18, -219), (-205, 148, -227), (-27, 69, -217), (76, 43, -155), (-95, 57, -203), (56, -37, -182), (-156, -189, -134), (104, 168, 66), (209, -184, -121), (-242, -61, 19), (109, 249, -148), (-26, 178, -69), (-156, -164, -127), (-49, 193, -168), (-131, -47, -195), (-10, -99, -137), (38, 165, -86), (-67, -228, 59), (178, -247, 235), (-229, -46, 87), (-60, 204, 176), (-105, 148, 229), (-86, 71, -30), (-187, 191, -224), (211, -14, -184), (124, -246, -81), (114, -46, 89), (-144, -72, -164), (151, 152, -118), (-13, 33, 166), (-74, 203, 97), (-95, -115, 84), (-27, 101, 141), (-117, 174, 8), (138, 61, -113), (155, -81, -144), (39, 80, -10), (192, -39, 67), (-188, 96, 13), (-26, 218, -121), (-80, -175, -208), (-118, 215, 21), (-94, 30, 73), (250, -50, -147), (-73, -21, -194), (70, -238, 140), (-219, -78, 31), (24, -49, 147), (147, -208, 58), (-20, -43, -73), (179, 57, -218), (-133, 53, -7), (-31, -66, -9), (-186, 59, -175), (45, 122, -188), (98, 14, 230), (-244, -214, -116), (-211, 158, -224), (187, 21, 194), (-6, -57, 167), (118, 21, 15), (161, 80, -59), (-184, 39, -94), (-42, 195, -199), (-30, 62, -18), (-197, -123, 213), (57, -132, -128), (-51, -91, 246), (73, 40, 198), (-233, -54, 65), (-192, -196, -193), (203, 213, -44), (37, 129, 42), (-36, 96, 80), (237, 99, -157), (121, -40, 101), (225, -147, 219), (219, 14, -174), (-51, 82, -41), (-234, 52, 6), (-45, 222, 144), (152, 9, -234), (165, 246, 224), (34, -58, -101), (-232, 171, 218), (-91, -105, 42), (72, 151, 84), (-16, 185, 106), (9, -56, 170), (-26, 112, 27), (62, -190, -192), (178, 246, 92), (-122, 66, 46), (91, -64, 124), (-117, -199, -116), (-231, 3, 155), (-113, 34, 74), (66, -167, -189), (180, -235, -57), (-58, 112, 179), (139, -235, -122), (-121, -19, 11), (68, -38, 222), (1, -78, 101), (-37, 189, -207), (-84, 250, 197), (-183, 164, 122), (-249, -176, 131), (-87, -183, -108), (-34, -26, 177), (-202, 74, 39), (2, -212, 245), (216, 154, -28), (-126, -211, -142), (-222, -182, -156), (-188, 124, -219), (57, -23, 209), (-153, -111, -17), (140, 83, -102), (163, -38, 182), (-214, 124, -227), (-180, -156, -22), (2, 108, -28), (159, -178, -67), (-10, -121, 171), (45, 153, 230), (20, -14, -235), (-208, -153, 48), (220, 79, -13), (169, 99, 92), (-196, 85, 183), (-5, -125, -30), (-179, 124, 84), (62, 78, -83), (-46, 33, 21), (168, -67, -145), (-117, -247, 125), (-77, -163, 165), (-164, 201, -101), (-167, -71, 247), (-247, -126, -184), (141, -91, -172), (-56, -64, -70), (243, -137, -160), (57, -49, -5), (171, 233, 88), (-31, 15, -154), (-109, 87, -203), (137, -49, -63), (-230, 199, -244), (197, 172, 213), (-97, 57, -101), (140, 118, 218), (19, -182, -72), (27, -207, -162), (-250, -138, 85), (-49, 19, -168), (-31, -158, 43), (21, 18, -19), (-56, -125, -202), (-130, 145, -30), (-75, 156, -220), (-168, 85, -145), (48, -104, 162), (62, -2, 136), (-156, 98, 175), (138, -136, -186), (-95, 45, -76), (133, 53, -12), (-55, -181, -208), (-220, 100, 23), (175, 173, 220), (-101, 124, -142), (84, 246, 199), (51, 95, -248), (-185, -3, 42), (41, -71, 249), (-108, -32, 152), (146, -40, 10), (-162, -185, -144), (-101, 128, 180), (-219, -126, 147), (-246, -244, 109), (-162, -140, -106), (220, 146, 174), (-40, 157, 246), (-46, -17, 206), (-20, -229, 86), (193, -38, -218), (-37, 179, -98), (79, 82, 59), (154, 96, 124), (201, -57, -86), (115, -128, -250), (-34, -213, -137), (35, 2, 9), (201, 230, -156), (181, 39, -250), (-228, 189, -63), (186, -55, 201), (250, 221, -126), (-68, 15, 181), (-166, 18, -57), (-100, -12, 71), (150, -175, 147), (224, 246, 54), (-50, 72, -132), (249, 210, 238), (187, -225, 33), (-99, -36, -197), (-78, -109, -189), (-249, -7, 15), (100, 236, -19), (-108, -229, 118), (162, 85, -40), (-52, 158, -34), (-183, -38, -248), (5, 17, 221), (167, 211, -240), (39, 13, -60), (4, -173, 47), (27, 95, 122), (-9, 47, -56), (-241, 236, -120), (205, -59, 234), (-154, -140, -28), (-34, -203, 35), (-195, -236, -123), (159, -205, -179), (-249, -140, -7), (87, 57, -33), (53, -40, -161), (164, -140, 123), (-229, 49, -42), (106, 76, 115), (6, 145, 75), (-246, -61, 121), (-45, 62, 206), (5, -77, -144), (-22, -90, 48), (-154, -207, 250), (-59, -240, -69), (-246, 191, -29), (-47, -113, -204), (-162, 180, -27), (64, -219, -184), (-71, -6, 167), (-106, -181, 4), (-11, 179, -224), (-152, -31, -62), (156, 53, 95), (-17, 187, -47), (-246, 181, 162), (111, 76, 222), (216, 192, 120), (-154, 26, 162), (39, 132, 214), (-67, 60, 219), (-22, 169, -110), (-84, -219, -92), (-62, -149, 238), (-250, 185, 234), (-1, 88, -107), (4, 88, 84), (12, 164, 55), (65, -179, 198), (-154, 152, 29), (184, 115, -136), (207, -89, 39), (-127, 213, -34), (-231, -130, -79), (21, -85, -132), (-98, -155, -111), (-184, -151, -34), (92, -68, 196), (25, -229, 141), (-84, -177, -156), (211, 73, -31), (16, -239, 127), (-33, -51, -135), (-240, 200, 111), (202, 136, -193), (233, -61, 241), (239, -147, -33), (182, -228, -44), (199, 196, -169), (75, -28, -107), (-185, -118, -17), (220, -119, -45), (246, -165, -218), (-8, -179, -119), (147, 61, 223), (-210, -12, 224), (-124, -156, -223), (158, -154, 120), (-48, -200, 28), (112, 23, -75), (-191, -234, 164), (-18, 84, -6), (195, 159, 67), (-164, -80, 209), (204, -108, -106), (181, 132, 115), (-195, 63, -158), (-114, 247, 67), (-190, -224, -179), (232, -118, -33), (219, -77, -105), (158, 115, 213), (224, 179, 12), (140, -49, -46), (243, 179, -78), (250, 234, -51), (-4, 224, -86), (-230, 12, -79), (63, 191, -238), (-69, 2, -112), (-120, -26, -112), (-141, 134, -151), (-126, 80, 201), (-144, -134, -193), (-64, -61, -203), (-54, -77, -5), (-92, 137, 18), (-182, -238, 196), (135, -86, -150), (-29, -30, -202), (-209, -9, -234), (97, 14, -116), (-231, 189, -215), (193, 206, -242), (-233, 61, -237), (92, -249, 200), (-54, -59, -136), (147, 153, -81), (17, 22, -107), (-216, 96, -199), (143, -121, -238), (215, -249, -8), (242, -65, -83), (224, -192, 183), (-219, 165, -142), (-156, 10, -42), (93, -66, -236), (31, -158, -219), (-24, 204, 84), (-3, -2, 198), (66, -75, -74), (95, -61, -241), (-235, 191, 64), (-95, 77, 247), (-212, -37, -32), (224, 247, -25), (-223, 198, -53), (-119, -12, -154), (-226, -59, 34), (3, 199, 104), (235, -82, -31), (2, 101, 82), (-17, 183, 121), (-128, 91, -143), (229, 66, -79), (-117, 84, -18), (31, -95, 248), (221, 165, 244), (176, 213, 200), (198, -102, -78), (-213, -50, 11), (127, 226, 199), (-186, -58, 12), (-39, -74, -60), (250, 90, -35), (4, 78, -18), (119, 185, 190), (-163, -245, -84), (21, -213, -55), (13, 201, -36), (15, 31, 229), (-246, -164, 222), (212, 142, -26), (27, -86, 163), (28, -179, 64), (-215, 240, -122), (-230, -18, 80), (232, -163, 201), (207, 235, 102), (233, -95, -196), (137, 122, -160), (174, -44, -199), (62, -227, 64), (-29, 190, 6), (147, 42, 167), (-12, -224, 197), (103, -155, 55), (203, -220, 26), (37, -10, 198), (115, -37, -49), (106, 140, 111), (62, -164, -247), (-167, -168, 125), (-200, 220, 117), (-155, -127, -43), (-90, 14, 60), (43, -127, -35), (194, 160, 168), (174, -51, 71), (47, 103, 210), (9, 146, -131), (-188, -139, 72), (-222, -121, 224), (240, -112, 125), (143, 199, -175), (220, 45, -127), (45, 50, 111), (-181, -244, 158), (228, -123, 208), (174, -75, 58), (-78, -147, 139), (177, -41, 51), (-74, -88, -66), (77, 218, 71), (-144, 243, 77), (-46, 168, -150), (-185, 48, 187), (58, -158, -181), (-72, -216, -139), (-145, 144, 200), (225, 141, 207), (-20, -9, -126), (-50, -52, 117), (152, -246, -221), (-248, 33, -114), (-238, 230, -99), (-22, 124, -182), (-107, 130, -227), (-229, 11, 147), (170, -49, 68), (242, -234, -51), (-13, 200, 28), (119, -203, 237), (-246, 155, -107), (-177, 23, -207), (66, -48, 187), (21, 150, -64), (-155, 212, 113), (237, -52, 193), (-1, 121, -69), (161, 181, 173), (212, 67, 210), (185, -19, 15), (87, -146, 123), (-76, -240, 187), (-20, -108, 232), (-3, -166, -94), (15, -126, -227), (-100, 11, 32), (-39, 115, -10), (27, -29, 64), (-36, -223, 184), (88, -201, -250), (-200, 79, -184), (1, 89, 88), (216, 91, 125), (-47, 135, 69), (105, -102, -204), (-28, 115, 12), (184, 95, -151), (-118, 70, -55), (-88, 145, 38), (160, 229, 153), (46, 110, 183), (119, 4, -121), (234, -143, -45), (-192, -223, -37), (-31, -39, -141), (-1, 196, -83), (210, -121, -157), (56, -124, -74), (242, 104, 182), (190, 112, -99), (-53, -46, -196), (-38, 188, -68), (-125, -74, -81), (158, -164, -96), (-150, -132, 40), (-248, -14, 130), (-140, -187, 46), (-166, -6, 138), (239, -111, -223)]
out:     (True, 1, [-1, -1, -1, 1, 1, -1, 1, -1, 1, -1, 1, 1, -1, -1, -1, -1, -1, -1, -1, -1, 1, 1, -1, 1, 1, 1, -1, 1, -1, -1, 1, -1, -1, -1, 1, -1, 1, -1, -1, 1, -1, 1, 1, -1, -1, -1, -1, -1, 1, -1, 1, -1, -1, 1, -1, -1, -1, 1, 1, 1, -1, -1, 1, -1, -1, -1, 1, 1, -1, -1, -1, -1, -1, -1, 1, 1, 1, 1, -1, 1, 1, 1, 1, -1, 1, 1, -1, 1, -1, 1, -1, -1, -1, -1, 1, 1, 1, -1, 1, -1, -1, -1, 1, 1, 1, 1, 1, -1, 1, 1, -1, 1, -1, -1, 1, 1, -1, 1, 1, -1, -1, -1, 1, -1, 1, -1, 1, 1, 1, -1, 1, -1, 1, -1, -1, 1, -1, 1, 1, 1, -1, 1, 1, 1, 1, -1, -1, -1, 1, -1, -1, 1, -1, 1, 1, -1, 1, 1, 1, -1, -1, 1, 1, -1, -1, -1, -1, 1, -1, 1, -1, 1, 1, 1, -1, 1, 1, 1, 1, 1, -1, 1, 1, -1, -1, 1, -1, -1, -1, -1, -1, -1, -1, -1, 1, 1, -1, 1, 1, 1, -1, 1, 1, 1, -1, 1, -1, -1, 1, -1, -1, 1, -1, -1, 1, 1, -1, -1, 1, 1, 1, -1, 1, -1, 1, -1, -1, 1, 1, 1, 1, 1, 1, -1, 1, 1, 1, -1, -1, 1, 1, -1, -1, 1, 1, -1, -1, 1, 1, 1], 0.0)
time:    0.0027577877044677734